evaluator,paper_title,evaluation_stream,How long have you been in this field?,"How many proposals, papers, and projects have you evaluated/reviewed (for journals, grants, or other peer-review)?",Approximately how long did you spend completing this evaluation?,Field/expertise,_confidence_level,adv_knowledge_confidence_level,claims_confidence_level,gp_relevance_confidence_level,journal_predict_confidence_level,logic_comms_confidence_level,merits_journal_confidence_level,methods_confidence_level,open_sci_confidence_level,overall_confidence_level,real_world_confidence_level,_lower_CI,adv_knowledge_lower_CI,claims_lower_CI,gp_relevance_lower_CI,journal_predict_lower_CI,logic_comms_lower_CI,merits_journal_lower_CI,methods_lower_CI,open_sci_lower_CI,overall_lower_CI,real_world_lower_CI,_middle_rating,adv_knowledge_middle_rating,claims_middle_rating,gp_relevance_middle_rating,journal_predict_middle_rating,logic_comms_middle_rating,merits_journal_middle_rating,methods_middle_rating,open_sci_middle_rating,overall_middle_rating,real_world_middle_rating,_upper_CI,adv_knowledge_upper_CI,claims_upper_CI,gp_relevance_upper_CI,journal_predict_upper_CI,logic_comms_upper_CI,merits_journal_upper_CI,methods_upper_CI,open_sci_upper_CI,overall_upper_CI,real_world_upper_CI,research_link_coda,status_x,Date entered (includes transfer from PubPub),hours_spent_manual_impute,research_url,doi,main_cause_cat
,,,,,,,,,,,,,,,,,,,,,,,,,,,,,,,,,,,,,,,,,,,,,,,,,,,,,,,,,
Evaluator 1,A Review of GiveWell’s Discount Rate,applied,9 years (this includes the time I spent researching as a PhD student),20-ish?,7 hours,,,,,,,,,,,,,,,,,,,,,,,,,,,,,,,,,,,,,,,,,,,,,,,,,,,,
Evaluator 1,A Review of Givewell’s Discount Rate,applied,20+,far far too many to count,2 hrs,,,,,,,,,,,,,,,,,,,,,,,,,,,,,,,,,,,,,,,,,,,,,,,,,,,,
Frank Venmans ,"A Welfare Analysis of Policies
Impacting Climate Change",,,,,,,,,,,,,,,,,,80,80,85,4.3,80,4.7,75,75,85,85,,86,85,90,5,90,4.9,85,80,90,90,,90,90,96,5,95,5,95,90,94,96,,,,,https://policyimpacts.org/wp-content/uploads/2024/07/MVPF_Climate_Policy.pdf,doi.org/10.3386/w32728,"The Environment: Harm to human health, biodiversity, risks and climate change"
Johannes Emmerling,"A Welfare Analysis of Policies
Impacting Climate Change",,,,,,,,,,,,,,,,,,90,93,90,3.9,74,3.9,79,60,78,90,,93,96,93,4,80,4,89,65,91,93,,95,100,96,4.1,86,4.3,95,70,94,96,,,,,https://policyimpacts.org/wp-content/uploads/2024/07/MVPF_Climate_Policy.pdf,doi.org/10.3386/w32728,"The Environment: Harm to human health, biodiversity, risks and climate change"
Evaluator 1,A Welfare Analysis of Policies Impacting Climate Change,academic,10 years,50,9 hours,I work on integrated assessments and climate policy and cost-benefit analysis more in general.,,,,,,,,,,,,,,,,,,,,,,,,,,,,,,,,,,,,,,,,,,,,,"A Welfare Analysis of Policies
Impacting Climate Change","50_published evaluations (on PubPub, by Unjournal)",2025-04-29T18:08:30.553-04:00,9,,,
Evaluator 2,A Welfare Analysis of Policies Impacting Climate Change,academic,13 years since PhD,200+,12 hours,Environmental Economics,,,,,,,,,,,,,,,,,,,,,,,,,,,,,,,,,,,,,,,,,,,,,"A Welfare Analysis of Policies
Impacting Climate Change","50_published evaluations (on PubPub, by Unjournal)",2025-04-11T11:47:14.318-04:00,12,,,
Evaluator 1,A review of GiveWell’s discount rate,applied,,,,,,,,,,,,,,,,,,,,,,,,,,,,,,,,,,,,,,,,,,,,,,,,,,,,,https://rethinkpriorities.org/wp-content/uploads/2023/11/Discountrate.pdf,,Empirical methods
Evaluator 1,"A systematic review and meta-analysis of social safety nets, women’s economic achievements and agency",academic,27 years,100 +,3.5 hours,Development Studies/ Agricultural Economist,,,,,,,,,,,,,,,,,,,,,,,,,,,,,,,,,,,,,,,,,,,,,"Behavioral interventions to motivate plant-based food selection in an online shopping environment
",01_Needs prioritization/assessor rating,2025-07-22T06:12:21.331-04:00,3.5,,,
Evaluator 1,Accelerating Vaccine Innovation for Emerging Infectious Diseases via Parallel Discovery,academic,[Range coded for anonymity: 15-20 years],Around 130,,,,,,,,,,,,,,,,,,,,,,,,,,,,,,,,,,,,,,,,,,,,,,,Accelerating Vaccine Innovation for Emerging Infectious Diseases via Parallel Discovery,"50_published evaluations (on PubPub, by Unjournal)",2025-06-27T12:07:17.104-04:00,,https://www.nber.org/papers/w30126,https://doi.org/10.3386/w30126,"Catastrophic and existential risks,  the long-term future, forecasting"
Evaluator 2,Accelerating Vaccine Innovation for Emerging Infectious Diseases via Parallel Discovery,academic,[Range coded to preserve anonymity: 10-15 years],Several dozen,,,,,,,,,,,,,,,,,,,,,,,,,,,,,,,,,,,,,,,,,,,,,,,Accelerating Vaccine Innovation for Emerging Infectious Diseases via Parallel Discovery,"50_published evaluations (on PubPub, by Unjournal)",2025-06-27T11:57:29.393-04:00,,https://www.nber.org/papers/w30126,https://doi.org/10.3386/w30126,"Catastrophic and existential risks,  the long-term future, forecasting"
Richard Bruns,Accelerating Vaccine Innovation for Emerging Infectious Diseases via Parallel Discovery,,,,,,,,,,,,,,,,,,10,,50,1,10,1,30,30,20,50,,35,,60,2,30,2,50,50,40,60,,50,,80,4,50,3,60,70,60,80,,,,,https://www.nber.org/papers/w30126,https://doi.org/10.3386/w30126,"Catastrophic and existential risks,  the long-term future, forecasting"
Tim Colbourn,Accelerating Vaccine Innovation for Emerging Infectious Diseases via Parallel Discovery,,,,,,,,,,,,,,,,,,50,,70,2.5,50,2.5,40,50,50,50,,60,,80,3,60,3,50,60,60,60,,70,,90,3.5,70,3.5,60,70,70,70,,,,,https://www.nber.org/papers/w30126,https://doi.org/10.3386/w30126,"Catastrophic and existential risks,  the long-term future, forecasting"
Evaluator 1,Adaptability and the Pivot Penalty in Science,,,,,,,,,,,,,,,,,,78,74,70,4,71,4,78,85,70,70,,85,82,80,4.5,80,4.5,85,90,80,80,,92,90,90,5,89,5,92,95,90,90,,,,,https://www.dropbox.com/s/5itlmhdkz1ll7jp/MS_SI_combined.pdf?dl=0,https://doi.org/10.48550/arXiv.2107.06476,"Innovation, meta-science, and research"
Evaluator 1,Adaptability and the Pivot Penalty in Science and Technology,academic,3 years,6,3 hours,,,,,,,,,,,,,,,,,,,,,,,,,,,,,,,,,,,,,,,,,,,,,,Adaptability and the Pivot Penalty in Science,"50_published evaluations (on PubPub, by Unjournal)",2024-11-30T21:26:25.792-05:00,3,,,
Alberto Prati,Adjusting for Scale-Use Heterogeneity in Self-Reported Well-Being,,,,,,,,,,,,,,,,,,90,90,74,4.5,89,5,90,90,90,74,,95,95,86,4.8,95,5,95,95,95,86,,100.0,100.0,95.0,5.0,100.0,5.0,100.0,100.0,100.0,95.0,,,,,https://www.nber.org/papers/w31728,doi.org/10.3386/w31728,"Health and well-being (global, including wealthy countries)"
Caspar Kaiser,Adjusting for Scale-Use Heterogeneity in Self-Reported Well-Being,,,,,,,,,,,,,,,,,,80,70,"
",4.4,60,4.7,80,70,80,"
",,90,80,"
",4,75,4.1,90,85,95,"
",,100.0,90.0,"
",5.0,90.0,5.0,100.0,90.0,100.0,"
",,,,,https://www.nber.org/papers/w31728,doi.org/10.3386/w31728,"Health and well-being (global, including wealthy countries)"
Evaluator 1,Adjusting for Scale-Use Heterogeneity in Self-Reported Well-Being,academic,About 10 years,Between 40 and 60,3 days,Behavioral economics and subjective wellbeing measurement,,,,,,,,,,,,,,,,,,,,,,,,,,,,,,,,,,,,,,,,,,,,,,,2025-11-14T12:20:49.405-05:00,,https://www.nber.org/papers/w31728,doi.org/10.3386/w31728,"Health and well-being (global, including wealthy countries)"
Evaluator 2,Adjusting for Scale-Use Heterogeneity in Self-Reported Well-Being,academic,Since about 2018,10+,8 hours approx.,Methods for subjective wellbeing research,,,,,,,,,,,,,,,,,,,,,,,,,,,,,,,,,,,,,,,,,,,,,,,2025-11-13T03:31:12.687-05:00,,https://www.nber.org/papers/w31728,doi.org/10.3386/w31728,"Health and well-being (global, including wealthy countries)"
Dan Tortorice,Advance Market Commitments: Insights from Theory and Experience,,,,,,,,,,,,,,,,,,,,,,,,,,,,,90,,95,4,80,4,80,90,80,,,,,,,,,,,,,,,,,https://sites.dartmouth.edu/csnyder/files/2021/02/w26775.pdf,https://doi.org/10.1257/pandp.20201017,Global health; “Health & well-being in low-income countries”
David Manheim,Advance Market Commitments: Insights from Theory and Experience,,,,,,,,,,,,,,,,,,20,,40,2.5,60,,85,,70,,,25,,60,3,75,,95,,80,,,40,,75,4.5,90,,97.5,,90,,,,,,https://sites.dartmouth.edu/csnyder/files/2021/02/w26775.pdf,https://doi.org/10.1257/pandp.20201017,Global health; “Health & well-being in low-income countries”
Evaluator 1,Advance Market Commitments: Insights from Theory and Experience,academic,"1 year for cause prioritization, 5 years for broader economic research and analysis",Zero in an academic context,,,,,,,,,,,,,,,,,,,,,,,,,,,,,,,,,,,,,,,,,,,,,,,Advance Market Commitments: Insights from Theory and Experience,"50_published evaluations (on PubPub, by Unjournal)",2025-07-07T09:17:19.247-04:00,,https://sites.dartmouth.edu/csnyder/files/2021/02/w26775.pdf,https://doi.org/10.1257/pandp.20201017,Global health; “Health & well-being in low-income countries”
Evaluator 2,Advance Market Commitments: Insights from Theory and Experience,academic,About 15 years.,I have evaluated roughly 50 papers and proposals in this time.,,,,,,,,,,,,,,,,,,,,,,,,,,,,,,,,,,,,,,,,,,,,,,,Advance Market Commitments: Insights from Theory and Experience,"50_published evaluations (on PubPub, by Unjournal)",2025-07-07T09:16:56.333-04:00,,https://sites.dartmouth.edu/csnyder/files/2021/02/w26775.pdf,https://doi.org/10.1257/pandp.20201017,Global health; “Health & well-being in low-income countries”
Evaluator 3,Advance Market Commitments: Insights from Theory and Experience,academic,,,,,,,,,,,,,,,,,,,,,,,,,,,,,,,,,,,,,,,,,,,,,,,,,Advance Market Commitments: Insights from Theory and Experience,"50_published evaluations (on PubPub, by Unjournal)",2025-07-07T09:16:29.358-04:00,,https://sites.dartmouth.edu/csnyder/files/2021/02/w26775.pdf,https://doi.org/10.1257/pandp.20201017,Global health; “Health & well-being in low-income countries”
Joel Tan,Advance Market Commitments: Insights from Theory and Experience,,,,,,,,,,,,,,,,,,70,,70,,50,,50,30,59,70,,90,,90,5,70,5,70,50,79,90,,100,,100,,90,,90,70,94,100,,,,,https://sites.dartmouth.edu/csnyder/files/2021/02/w26775.pdf,https://doi.org/10.1257/pandp.20201017,Global health; “Health & well-being in low-income countries”
Evaluator 1,Artificial Intelligence and Economic Growth,academic,"~4 years, if you mean doing original research in economic theory with a large proportion of my time; ~2.5 years, if you mean having some particular focus on growth theory or the economics of AI.","I’m not sure how to interpret this.
I’ve peer-reviewed one paper on the economics of AI.
I’ve “evaluated” around 30 papers on the economics of AI in the course of writing a literature review on the subject.
More generally, I’ve given informal feedback on many research ideas and papers in progress by fellow researchers at GPI, fellow economics graduate students, and people (usually undergraduates) interested in doing EA-relevant economics work who reach out or are put in touch with me in some way.",,,,,,,,,,,,,,,,,,,,,,,,,,,,,,,,,,,,,,,,,,,,,,,Artificial Intelligence and Economic Growth,"50_published evaluations (on PubPub, by Unjournal)",2025-07-07T09:29:38.750-04:00,,https://www.nber.org/system/files/working_papers/w23928/w23928.pdf,doi.org/10.3386/w23928,Emerging technologies: social and economic impacts (focus: AI)
Evaluator 2,Artificial Intelligence and Economic Growth,academic,"I started my PhD in Economics in 2012. I became interested in the impact of automation on economic growth shortly after, so about 10 years.",I have reviewed about 30 papers. I’d say about ⅓ to ½ of these are broadly on the subject of automation.,,,,,,,,,,,,,,,,,,,,,,,,,,,,,,,,,,,,,,,,,,,,,,,Artificial Intelligence and Economic Growth,"50_published evaluations (on PubPub, by Unjournal)",2025-07-07T09:29:23.562-04:00,,https://www.nber.org/system/files/working_papers/w23928/w23928.pdf,doi.org/10.3386/w23928,Emerging technologies: social and economic impacts (focus: AI)
Phil Trammel,Artificial Intelligence and Economic Growth,,,,,,,,,,,,,,,,,,80,,80,,30,,40,,80,,,97,,92,3.5,45,5,70,80,92,,,100,,100,,70,,90,,100,,,,,,https://www.nber.org/system/files/working_papers/w23928/w23928.pdf,doi.org/10.3386/w23928,Emerging technologies: social and economic impacts (focus: AI)
Seth Benzell,Artificial Intelligence and Economic Growth,,,,,,,,,,,,,,,,,,65,,85,,60,3.5,75,90,70,,,75,,90,,70,4,80,95,80,,,85,,100,,80,5,85,100,90,,,,,,https://www.nber.org/system/files/working_papers/w23928/w23928.pdf,doi.org/10.3386/w23928,Emerging technologies: social and economic impacts (focus: AI)
Evaluator 1,Asymmetry in Civic Information: An Experiment on Tax Participation among Informal Firms in Togo,academic,,,,,,,,,,,,,,,,,75,75,80,3.7,80,3.7,75,75,75,80,,85,85,90,4,90,4,85,85,85,90,,90,90,100,4.7,100,4.7,90,95,95,100,Asymmetry in Civic Information: An Experiment on Tax Participation among Informal Firms in Togo,"50_published evaluations (on PubPub, by Unjournal)",2025-07-24T17:35:56.610-04:00,,https://www.dropbox.com/scl/fi/kgj5d5hr97t52xl1jhabs/Blimpo-Castaneda-Dower2025-Training-Taxation-Informal-Firms-Togo.pdf?rlkey=y3naz50zukfnm1okfk7js9ktd&dl=0,https://novafrica.org/wp-content/uploads/2021/11/2021.12.10_Moussa-Blimpo.pdf,Economic development & governance (LMICs)
Evaluator 2,Asymmetry in Civic Information: An Experiment on Tax Participation among Informal Firms in Togo,,,,,,,,,,,,,,,,,,,,,,,,,,,,,,,,,,3.5,,,75,,,,,,,,,,,,,,,,,https://www.dropbox.com/scl/fi/kgj5d5hr97t52xl1jhabs/Blimpo-Castaneda-Dower2025-Training-Taxation-Informal-Firms-Togo.pdf?rlkey=y3naz50zukfnm1okfk7js9ktd&dl=0,https://novafrica.org/wp-content/uploads/2021/11/2021.12.10_Moussa-Blimpo.pdf,Economic development & governance (LMICs)
Anonymous_8,Banning wildlife trade can boost demand for unregulated threatened species,,,,,,,,,,,,,,,,,,,,,,,,,,,,,70,,80,3,70,3,80,70,75,90,,,,,,,,,,,,,,,,https://osf.io/preprints/socarxiv/s6gwu/,https://doi.org/10.1111/conl.13077,Markets for products with large externalities (focus: animal agriculture)
Evaluator 1,Banning wildlife trade can boost demand for unregulated threatened species,academic,I have worked in the field of biodiversity conservation for about 10 years.,"I review about 20-30 papers each year, and on average, 5-8 project proposals.",,,,,,,,,,,,,,,,,,,,,,,,,,,,,,,,,,,,,,,,,,,,,,,Banning wildlife trade can boost demand for unregulated threatened species,"50_published evaluations (on PubPub, by Unjournal)",2025-07-07T08:43:17.484-04:00,,https://osf.io/preprints/socarxiv/s6gwu/,https://doi.org/10.1111/conl.13077,Markets for products with large externalities (focus: animal agriculture)
Evaluator 2,Banning wildlife trade can boost demand for unregulated threatened species,academic,13 years,~60 as a peer-reviewer or editor,,,,,,,,,,,,,,,,,,,,,,,,,,,,,,,,,,,,,,,,,,,,,,,Banning wildlife trade can boost demand for unregulated threatened species,"50_published evaluations (on PubPub, by Unjournal)",2025-07-07T08:39:08.670-04:00,,https://osf.io/preprints/socarxiv/s6gwu/,https://doi.org/10.1111/conl.13077,Markets for products with large externalities (focus: animal agriculture)
Liew Jia Huan,Banning wildlife trade can boost demand for unregulated threatened species,,,,,,,,,,,,,,,,,,,,,,,,,,,,,80,,65,2.5,70,3,50,50,75,90,,,,,,,,,,,,,,,,https://osf.io/preprints/socarxiv/s6gwu/,https://doi.org/10.1111/conl.13077,Markets for products with large externalities (focus: animal agriculture)
Evaluator 1,Biodiversity Risk,academic,Over 20 years in sustainable/climate finance.,,,,,,,,,,,,,,,,,,,,,,,,,,,,,,,,,,,,,,,,,,,,,,,,Biodiversity risk,"50_published evaluations (on PubPub, by Unjournal)",2025-05-30T11:31:35.954-04:00,,,,
Evaluator 2,Biodiversity Risk,academic,More than 10 years.,About 50.,,,,,,,,,,,,,,,,,,,,,,,,,,,,,,,,,,,,,,,,,,,,,,,Biodiversity risk,"50_published evaluations (on PubPub, by Unjournal)",2025-05-30T11:31:19.923-04:00,,,,
Anon. Evaluator 1,Biodiversity risk,,,,,,,,,,,,,,,,,,60,,85,4,70,3.5,60,70,50,59,,70,,92,4.5,81,4,70,90,65,71,,80,,100,5.0,91,4.5,85,100,80,80,,,,,https://www.biodiversityrisk.org/,https://doi.org/10.3386/w31137,"The Environment: Harm to human health, biodiversity, risks and climate change"
Anon. Evaluator 2,Biodiversity risk,,,,,,,,,,,,,,,,,,39,,75,3.3,60,3.1,40,80,51,55,,45,,86,4.4,68,3.5,45,90,61,63,,50,,100,5.0,75,4.0,50,100,72,70,,,,,https://www.biodiversityrisk.org/,https://doi.org/10.3386/w31137,"The Environment: Harm to human health, biodiversity, risks and climate change"
Evaluator 1,Building Resilient Education Systems: Evidence from Large-Scale Randomized Trials in Five Countries,academic,1 year,"None, have reviewed proposals for ethical review though - around 10 or 20 of them",,,,,,,,,,,,,,,90,,90,4,75,3.7,80,60,85,90,,95,,95,4.5,84,4.3,85,75,90,95,,100,,100,4.8,90,4.8,90,90,95,100,Building Resilient Health Systems: Experimental Evidence from Sierra Leone and The 2014 Ebola Outbreak,"deprioritized bc. of journal-publication status, authors' permission, age, etc.",2025-05-29T13:44:12.807-04:00,,https://static1.squarespace.com/static/60d0c05ace34212ef5a1131b/t/645a72201a2a280635acb739/1683649057454/Angrist_Ainomugisha_Bathena_Bergman_et-al_Building-Resilient-Education-Systems_2023.pdf,doi.org/10.3386/w31208,Economic development & governance (LMICs)
Evaluator 2,Building Resilient Education Systems: Evidence from Large-Scale Randomized Trials in Five Countries,academic,I have finished my PhD between 2016-2021 and been an Assistant Professor of Economics since then.,Between 5-10,,,,,,,,,,,,,,,78,72,85,4,71,3.5,68,52,73,85,,88,80,90,4.5,79,3.9,78,62,83,90,,98,88,95,5.0,87,4.4,88,72,93,95,Building Resilient Health Systems: Experimental Evidence from Sierra Leone and The 2014 Ebola Outbreak,"deprioritized bc. of journal-publication status, authors' permission, age, etc.",2025-05-29T13:31:47.778-04:00,,https://static1.squarespace.com/static/60d0c05ace34212ef5a1131b/t/645a72201a2a280635acb739/1683649057454/Angrist_Ainomugisha_Bathena_Bergman_et-al_Building-Resilient-Education-Systems_2023.pdf,doi.org/10.3386/w31208,Economic development & governance (LMICs)
Evaluator 3,Building Resilient Education Systems: Evidence from Large-Scale Randomized Trials in Five Countries,academic,1 year,"None, have reviewed proposals for ethical review though - around 10 or 20 of them",A little over a month,,,,,,,,,,,,,,,,,,,,,,,,,,,,,,,,,,,,,,,,,,,,,,Building Resilient Health Systems: Experimental Evidence from Sierra Leone and The 2014 Ebola Outbreak,"deprioritized bc. of journal-publication status, authors' permission, age, etc.",2024-10-22T05:09:03.456-04:00,,https://static1.squarespace.com/static/60d0c05ace34212ef5a1131b/t/645a72201a2a280635acb739/1683649057454/Angrist_Ainomugisha_Bathena_Bergman_et-al_Building-Resilient-Education-Systems_2023.pdf,doi.org/10.3386/w31208,Economic development & governance (LMICs)
Evaluator 1,Choose Your Moments: NIH Peer Review and Scientific Risk Taking,academic,12 years,I’d have to review my records,"Including reading time, 5 hours. Excluding reading time, an hour and a half",Science-of-science,,,,,,,,,,,,,,,,,,,,,,,,,,,,,,,,,,,,,,,,,,,,,Choose Your Moments: [NIH] Peer Review and Scientific Risk Taking,"50_published evaluations (on PubPub, by Unjournal)",2025-05-04T14:29:54.233-04:00,5,,,
Evaluator 2,Choose Your Moments: NIH Peer Review and Scientific Risk Taking,academic,3 years,3,7 hours,,,,,,,,,,,,,,,,,,,,,,,,,,,,,,,,,,,,,,,,,,,,,,Choose Your Moments: [NIH] Peer Review and Scientific Risk Taking,"50_published evaluations (on PubPub, by Unjournal)",2025-04-06T18:19:38.116-04:00,7,,,
B. Ian Hutchins,Choose Your Moments: [NIH] Peer Review and Scientific Risk Taking,,,,,,,,,,,,,,,,,,75,60,75,2.5,35,2.5,50,15,60,75,,80,75,80,3.5,45,4,60,30,75,80,,90,80,89,4,55,4.5,70,45,80,89,,,,,https://jeffreyshrader.com/papers/choose_your_moments.pdf,https://doi.org/10.3386/w31409,"Innovation, meta-science, and research"
James Dumlao,Choose Your Moments: [NIH] Peer Review and Scientific Risk Taking,,,,,,,,,,,,,,,,,,66,45,40,3.5,45,3,68,50,50,40,,72,56,50,3.9,55,3.8,76,65,70,50,,84,61,60,4.3,70,4.1,85,79,90,60,,,,,https://jeffreyshrader.com/papers/choose_your_moments.pdf,https://doi.org/10.3386/w31409,"Innovation, meta-science, and research"
Anon. Evaluator 1,Cognitive Behavioral Therapy among Ghana’s Rural Poor Is Effective Regardless of Baseline Mental Distress,,,,,,,,,,,,4,,,4,,,,,,,,,,,,,,65,,75,,75,4,60,50,75,75,,,,,,,,,,,,,,,,https://www.aeaweb.org/articles?id=10.1257/aeri.20210612,http://doi.org/10.1257/aeri.20210612,Global health; “Health & well-being in low-income countries”
Anon. Evaluator 2,Cognitive Behavioral Therapy among Ghana’s Rural Poor Is Effective Regardless of Baseline Mental Distress,,,,,,,,,,,,4,,,,,,55,,40,,62,,82,80,70,48,,60,,50,4,70,4,90,90,75,50,,65,,60,,82,,94,95,84,52,,,,,https://www.aeaweb.org/articles?id=10.1257/aeri.20210612,http://doi.org/10.1257/aeri.20210612,Global health; “Health & well-being in low-income countries”
Evaluator 1,Deadweight Losses or Gains from In-kind Transfers: Experimental Evidence,academic,More than 10 years,Close to 100,One day,I conduct impact evaluations related to the effectiveness of social safety net programs and have studied cash vs food preferences in similar contexts to those studied in this paper.,,,,,,,,,,,,,,,,,,,,,,,,,,,,,,,,,,,,,,,,,,,,,Deadweight Losses or Gains from In-kind Transfers? Experimental Evidence from India,10_seeking_(more)_evaluators,2025-09-23T17:37:03.998-04:00,8,,,
Evaluator 1,Do Celebrity Endorsements Matter? A Twitter Experiment Promoting Vaccination In Indonesia,academic,"I am 2 years post-doc, and have been working in applied microeconomics in a developing country context (India) since 2014, and have been working on health policy and communication (with a focus on behavioural science) since 2020.","For the Unjournal, I have been managing editor on one other evaluation, and have evaluated one other paper. As a peer reviewer, I have done about 25 papers, largely in the domain of health and applied economics. I am also currently Deputy Editor at South Asia Research, where I edit papers in economics.",,,,,,,,,,,,,,,,,,,,,,,,,,,,,,,,,,,,,,,,,,,,,,,When Celebrities Speak: A Nationwide Twitter Experiment Promoting Vaccination In Indonesia,"50_published evaluations (on PubPub, by Unjournal)",2025-06-30T08:36:13.865-04:00,,,,
Evaluator 2,Do Celebrity Endorsements Matter? A Twitter Experiment Promoting Vaccination In Indonesia,academic,Managing editor’s summary (to anonymize): Evaluator has been considering mass-media work only recently. They previously worked for 5-10 years as a researcher in psychology.,"Around 15 peer-reviewed papers, in psychology and [ME: a natural science field].",,,,,,,,,,,,,,,,,,,,,,,,,,,,,,,,,,,,,,,,,,,,,,,When Celebrities Speak: A Nationwide Twitter Experiment Promoting Vaccination In Indonesia,"50_published evaluations (on PubPub, by Unjournal)",2025-06-30T08:21:50.438-04:00,,,,
Evaluator 1,Does Conservation Work in General Equilibrium,academic,[about 10 years],"“I review about 10-15 papers/proposals per year, on average.”",,,,,,,,,,,,,,,,,,,,,,,,,,,,,,,,,,,,,,,,,,,,,,,Does Conservation Work in General Equilibrium?,"50_published evaluations (on PubPub, by Unjournal)",2025-06-04T16:07:25.702-04:00,,,,
Anon. Evaluator 1,Does Conservation Work in General Equilibrium?,,,,,,,,,,,,,,,,,,75,,68,3.6,60,3.8,60,60,60,65,,80,,80,4,65,4,70,65,70,70,,85,,92,4.4,70,4.2,80,70,80,75,,,,,https://www.dropbox.com/scl/fi/0uv69awcp37tkaozdlmm7/ConservationGeneralEquilibrium_SalazarRestrepo_LeiteMariante_20240312.pdf?rlkey=9e2nx6h50xbaiji94tattvpsn&dl=0,,"Other: Economics/welfare, growth, policy, global markets and population"
Evaluator 1,Does Online Fundraising Increase Charitable Giving? A Nationwide Field Experiment on Facebook,academic,10+,10+,3-4 hours,Experimental and behavioral economics,,,,,,,,,,,,,,,,,,,,,,,,,,,,,,,,,,,,,,,,,,,,,Does online fundraising increase charitable giving? A nationwide field experiment on Facebook,"50_published evaluations (on PubPub, by Unjournal)",2025-05-30T13:11:30.158-04:00,3.5,,,
Tabaré Capitán,Does Online Fundraising Increase Charitable Giving? A Nationwide Field Experiment on Facebook,,,,,,,,,,,,,,,,,,80,80,,,90,4.6,95,93,85,,,90,85,,,92,4.8,97,97,92,,,95.0,90.0,,,95.0,5.0,99.0,100.0,95.0,,,,,,,,
David Reiley,Does online fundraising increase charitable giving? A nationwide field experiment on Facebook,,,,,,,,,,,,,,,,,,80,80,80,,90,3.9,85,88,85,80,,90,85,90,,93,4.5,90,92,90,90,,95.0,90.0,94.0,,98.0,4.7,94.0,95.0,95.0,94.0,,,,,https://bibliothek.wzb.eu/pdf/2024/ii20-302r2.pdf,https://doi.org/10.1287/mnsc.2020.00596,"Attitudes and behaviors (Altruism, moral circles, animal consumption, effectiveness, political attitudes, etc.) [Psychology/behavioral economics adjacent group]"
Evaluator 1,Does online fundraising increase charitable giving? A nationwide field experiment on Facebook,academic,"Eighteen years working on digital advertising, thirty years evangelizing for the use of field experiments in economics.",Probably around 200 over 30 years,Three to four full days,Field experiments on the effects of advertising campaigns,,,,,,,,,,,,,,,,,,,,,,,,,,,,,,,,,,,,,,,,,,,,,Does online fundraising increase charitable giving? A nationwide field experiment on Facebook,"50_published evaluations (on PubPub, by Unjournal)",2025-09-28T18:50:07.715-04:00,32,https://bibliothek.wzb.eu/pdf/2024/ii20-302r2.pdf,https://doi.org/10.1287/mnsc.2020.00596,"Attitudes and behaviors (Altruism, moral circles, animal consumption, effectiveness, political attitudes, etc.) [Psychology/behavioral economics adjacent group]"
Anonymous_10,Does the Squeaky Wheel Get More Grease? The Direct and Indirect Effects of Citizen Participation on Environmental Governance in China,,,,,,,,,,,,,,,,,,68,,82,3.5,62,3.7,63,42,71,78,,76,,92,4.6,67,4.3,72,48,80,91,,83,,95,5,78,4.8,81,68,86,94,,,,,https://bfi.uchicago.edu/wp-content/uploads/2022/10/BFI_WP_2022-135.pdf,10.1257/aer.20221215,"The Environment: Harm to human health, biodiversity, risks and climate change"
Evaluator 1,Does the Squeaky Wheel Get More Grease? The Direct and Indirect Effects of Citizen Participation on Environmental Governance in China,academic,,,,,,,,,,,,,,,,,,,,,,,,,,,,,,,,,,,,,,,,,,,,,,,,,Does the Squeaky Wheel Get More Grease? The Direct and Indirect Effects of Citizen Participation on Environmental Governance in China,"50_published evaluations (on PubPub, by Unjournal)",2025-06-30T08:53:03.881-04:00,,https://bfi.uchicago.edu/wp-content/uploads/2022/10/BFI_WP_2022-135.pdf,10.1257/aer.20221215,"The Environment: Harm to human health, biodiversity, risks and climate change"
Evaluator 2,Does the Squeaky Wheel Get More Grease? The Direct and Indirect Effects of Citizen Participation on Environmental Governance in China,academic,,,,,,,,,,,,,,,,,,,,,,,,,,,,,,,,,,,,,,,,,,,,,,,,,Does the Squeaky Wheel Get More Grease? The Direct and Indirect Effects of Citizen Participation on Environmental Governance in China,"50_published evaluations (on PubPub, by Unjournal)",2025-06-30T08:45:32.875-04:00,,https://bfi.uchicago.edu/wp-content/uploads/2022/10/BFI_WP_2022-135.pdf,10.1257/aer.20221215,"The Environment: Harm to human health, biodiversity, risks and climate change"
Robert Kubinec,Does the Squeaky Wheel Get More Grease? The Direct and Indirect Effects of Citizen Participation on Environmental Governance in China,,,,,,,,,,,,,,,,,,85,,85,4,75,4.5,70,60,85,85,,90,,90,4.8,80,4.8,80,70,90,90,,95,,95,5,85,5,90,80,95,95,,,,,https://bfi.uchicago.edu/wp-content/uploads/2022/10/BFI_WP_2022-135.pdf,10.1257/aer.20221215,"The Environment: Harm to human health, biodiversity, risks and climate change"
Anon. evaluator 2 1,Economic vs. Epidemiological Approaches to Measuring the Human Capital Impacts of Infectious Disease Elimination,,,,,,,,,,,,,,,,,,64,,77,2.6,81,2.6,70,92,65,90,,76,,86,3.3,91,3.3,77,96,80,95,,85,,95,4.1,100,4.1,83,100,90,100,,,,,https://www.nber.org/papers/w30202,https://doi.org/10.3386/w30202,Global health; “Health & well-being in low-income countries”
Evaluator 1,Economic vs. Epidemiological Approaches to Measuring the Human Capital Impacts of Infectious Disease Elimination,academic,[Range-coded to preserve anonymity: 15-20 years],roughly 75,,,,,,,,,,,,,,,,,,,,,,,,,,,,,,,,,,,,,,,,,,,,,,,Economic vs. Epidemiological Approaches to Measuring the Human Capital Impacts of Infectious Disease Elimination,"50_published evaluations (on PubPub, by Unjournal)",2025-06-11T12:38:20.444-04:00,,https://www.nber.org/papers/w30202,https://doi.org/10.3386/w30202,Global health; “Health & well-being in low-income countries”
Evaluator 2,Economic vs. Epidemiological Approaches to Measuring the Human Capital Impacts of Infectious Disease Elimination,academic,,,,,,,,,,,,,,,,,,,,,,,,,,,,,,,,,,,,,,,,,,,,,,,,,Economic vs. Epidemiological Approaches to Measuring the Human Capital Impacts of Infectious Disease Elimination,"50_published evaluations (on PubPub, by Unjournal)",2025-06-11T12:35:48.488-04:00,,https://www.nber.org/papers/w30202,https://doi.org/10.3386/w30202,Global health; “Health & well-being in low-income countries”
Evaluator 1,Effects of Emigration on Rural Labor Markets,academic,14 years,40,,,,,,,,,,,,,,,,,,,,,,,,,,,,,,,,,,,,,,,,,,,,,,,Effects of Emigration on Rural Labor Markets,"50_published evaluations (on PubPub, by Unjournal)",2025-06-11T12:12:26.685-04:00,,"https://www.nber.org/papers/w23929#:~:text=Emigration%20could%20benefit%20landless%20village,productivity%20if%20skilled%20workers%20leave",doi.org/10.3386/w23929,Economic development & governance (LMICs)
Frank Gyimah Sackey,Effects of Emigration on Rural Labor Markets,,,,,,,,,,,,,,,,,,50,,50,1,50,1,50,50,50,50,,70,,70,2.5,70,2.5,70,70,70,70,,90,,90,3,90,3,90,90,78,90,,,,,"https://www.nber.org/papers/w23929#:~:text=Emigration%20could%20benefit%20landless%20village,productivity%20if%20skilled%20workers%20leave",doi.org/10.3386/w23929,Economic development & governance (LMICs)
Evaluator 1,"Ends versus Means: Kantians, Utilitarians, and Moral Decisions",academic,10 years,100+,4 hours,"moral psychology, behavioural economics",,,,,,,,,,,,,,,,,,,,,,,,,,,,,,,,,,,,,,,,,,,,,"Ends versus Means: Kantians, Utilitarians, and Moral Decisions ","50_published evaluations (on PubPub, by Unjournal)",2025-07-29T05:46:21.323-04:00,4,,,
Evaluator 2,"Ends versus Means: Kantians, Utilitarians, and Moral Decisions",academic,18 years,About 60,1 1/2 days,experimental economics,,,,,,,,,,,,,,,,,,,,,,,,,,,,,,,,,,,,,,,,,,,,,"Ends versus Means: Kantians, Utilitarians, and Moral Decisions ","50_published evaluations (on PubPub, by Unjournal)",2025-06-11T07:29:09.528-04:00,12,,,
David Hugh-Jones,"Ends versus Means: Kantians,Utilitarians,and Moral Decisions",,,,,,,,,,,,,,,,,,50,60,40,2.5,55,3.5,60,50,45,40,,65,75,50,4.3,65,4,70,70,70,50,,80.0,90.0,60.0,5.0,75.0,4.8,80.0,80.0,85.0,60.0,,,,,,,
Valerio Capraro,"Ends versus Means: Kantians,Utilitarians,and Moral Decisions",,,,,,,,,,,,,,,,,,93,70,75,4.2,83,3.7,70,92,75,75,,95,80,85,4.5,90,4.2,80,95,85,85,,97.0,90.0,95.0,4.8,97.0,4.7,90.0,98.0,95.0,95.0,,,,,,,
Evaluator 1,Existential Risk & Growth,academic,About twenty years in the field of economic growth.,More than 100 for journals of various standards.,,,,,,,,,,,,,,,,,,,,,,,,,,,,,,,,,,,,,,,,,,,,,,,Existential risk and growth,"50_published evaluations (on PubPub, by Unjournal)",2025-06-04T15:59:16.884-04:00,,,,
Evaluator 2,Existential Risk & Growth,academic,8 years,4,,,,,,,,,,,,,,,,,,,,,,,,,,,,,,,,,,,,,,,,,,,,,,,Existential risk and growth,"50_published evaluations (on PubPub, by Unjournal)",2025-06-04T15:51:39.010-04:00,,,,
Ioannis Bournakis,Existential risk and growth,,,,,,,,,,,,,,,,,,55,,65,3.2,65,3.2,80,60,60,60,,60,,70,3.5,70,3.5,85,63,68,65,,65,,75,4.0,75,4.1,90,70,70,72,,,,,https://www.aeaweb.org/conference/2025/program/paper/Af8HRE23,,"Catastrophic and existential risks,  the long-term future, forecasting"
Seth G. Benzell,Existential risk and growth,,,,,,,,,,,,,,,,,,50,,60,4.2,85,3,75,90,80,50,,80,,80,4.5,90,4.5,90,95,95,80,,100,,100,5.0,95,5.0,95,99,99,100,,,,,https://www.aeaweb.org/conference/2025/program/paper/Af8HRE23,,"Catastrophic and existential risks,  the long-term future, forecasting"
Evaluator 1,"Forecasting Existential Risks
Evidence from a Long-Run
Forecasting Tournament",applied,,,,,,,,,,,,,,,,,,,,,,,,,,,,,,,,,,,,,,,,,,,,,,,,,,,,,,,
Anon. evaluation 1,Forecasting Existential Risks: Evidence From a Long-Run Forecasting Tournament,,,,,,,,,,,,,,,,,,60,,85,3.5,70,3.5,60,60,60,85,,75,,90,4,80,4,70,70,75,90,,90,,95,5.0,90,5.0,80,80,90,95,,,,,https://forecastingresearch.org/s/XPT.pdf,,"Catastrophic and existential risks,  the long-term future, forecasting"
Anon. evaluation 2,Forecasting Existential Risks: Evidence From a Long-Run Forecasting Tournament,,,,,,,,,,,,,,,,,,,,,,,,,,,,,85,,95,,75,,75,85,80,95,,,,,,,,,,,,,,,,https://forecastingresearch.org/s/XPT.pdf,,"Catastrophic and existential risks,  the long-term future, forecasting"
David Manheim,Forecasts estimate limited cultured meat production through 2050,,,,,,,,,,,,,,,,,,80,40,87,,43,,80,84,60,87,,92,50,95,,50,,84,92,85,95,,94.0,85.0,99.0,,67.0,,94.0,98.0,91.0,99.0,,,,,,,
Estere Seinkmane,Forecasts estimate limited cultured meat production through 2050,,,,,,,,,,,,,,,,,,,,,,,,,,60,,,,,,,,,,,70,,,,,,,,,,,80.0,,,,,,,,
Evaluator 1,Forecasts estimate limited cultured meat production through 2050,applied,"3 years actively following cellular agriculture field, 8 years cel biology experience","formally: ~2, informally for colleagues: ~7-9","~12h on total work package incl. literture review, notes on PQ, comment replies etc; ~3h on post evaluation; ~30-45min on completing the form ",,,,,,,,,,,,,,,,,,,,,,,,,,,,,,,,,,,,,,,,,,,,,,,,,,,,
Evaluator 2,Forecasts estimate limited cultured meat production through 2050,applied,"Construed broadly, 8 years.",5-10 relevant items,~10 hours,,,,,,,,,,,,,,,,,,,,,,,,,,,,,,,,,,,,,,,,,,,,,,,,,,,,
Evaluator 1,Global potential for natural regeneration in deforested tropical regions,academic,6 years in a PhD program,0,20 hours,Development economics,,,,,,,,,,,,,50,15,80,5,41,3,15,90,40,80,,60,20,90,5,50,3.5,20,95,50,90,,70,25,100,5.0,60,4.0,25,100,60,100,Global potential for natural regeneration in deforested tropical regions,"50_published evaluations (on PubPub, by Unjournal)",2025-04-23T09:52:56.558-04:00,20,https://www.nature.com/articles/s41586-024-08106-4,https://doi.org/10.21203/rs.3.rs-3235955/v1,"The Environment: Harm to human health, biodiversity, risks and climate change"
Evaluator 2,Global potential for natural regeneration in deforested tropical regions,academic,5 years,2,2 working days,Land use and conservation,,,,,,,,,,,,,40,20,50,5,50,3.5,10,15,30,50,,50,40,60,5,65,4.5,30,30,50,60,,90,60,70,5.0,80,5.0,50,45,80,70,Global potential for natural regeneration in deforested tropical regions,"50_published evaluations (on PubPub, by Unjournal)",2025-04-14T13:46:42.121-04:00,16,https://www.nature.com/articles/s41586-024-08106-4,https://doi.org/10.21203/rs.3.rs-3235955/v1,"The Environment: Harm to human health, biodiversity, risks and climate change"
Evaluator 1,How Effective Is (More) Money? Randomizing Unconditional Cash Transfer Amounts in the US,academic,12 years,Hundreds,One workday (not including initial reading and thinking about the paper),,,,,,,,,,,,,,50,,70,3.5,85,3.5,85,85,65,70,,70,,80,4.2,90,4.2,90,90,80,80,,90,,89,4.9,95,4.9,95,95,95,89,How Effective Is (More) Money? Randomizing Unconditional Cash Transfer Amounts in the US,"50_published evaluations (on PubPub, by Unjournal)",2024-08-20T17:16:06.686-04:00,8,https://papers.ssrn.com/sol3/papers.cfm?abstract_id=4154000,https://doi.org/10.2139/ssrn.4154000,"Other: Economics/welfare, growth, policy, global markets and population"
Evaluator 2,How Effective Is (More) Money? Randomizing Unconditional Cash Transfer Amounts in the US,,,,,,,,,,,,,,,,,,70,,70,3.5,90,4,90,80,80,70,,75,,75,4,95,4.5,95,85,85,75,,80,,80,4.5,100,5.0,100,90,90,80,,,,,https://papers.ssrn.com/sol3/papers.cfm?abstract_id=4154000,https://doi.org/10.2139/ssrn.4154000,"Other: Economics/welfare, growth, policy, global markets and population"
Evaluator 1,"How Effective Is (More) Money? Randomizing Unconditional Cash Transfer Amounts in the US
",academic,5 years,Over 20,6 hours (reading the paper and writing the evalution),,,,,,,,,,,,,,,,,,,,,,,,,,,,,,,,,,,,,,,,,,,,,,How Effective Is (More) Money? Randomizing Unconditional Cash Transfer Amounts in the US,"50_published evaluations (on PubPub, by Unjournal)",2024-11-11T14:43:01.964-05:00,6,,,
Anon. evaluation 1,How Much Would Reducing Lead Exposure Improve Children’s Learning in the Developing World?,,,,,,,,,,,,,,,,,,65,,77,2,58,2,44,52,55,73,,80,,83,3,66,2.5,60,61,70,80,,85,,87,3.5,75,3.0,82,73,74,85,,,,,https://www.cgdev.org/sites/default/files/how-much-would-reducing-lead-exposure-improve-childrens-learning-developing-world.pdf,10.1093/wbro/lkae010,Global health; “Health & well-being in low-income countries”
Anon. evaluation 2,How Much Would Reducing Lead Exposure Improve Children’s Learning in the Developing World?,,,,,,,,,,,,,,,,,,65,,70,2.8,70,2.8,58,70,68,65,,70,,80,4.2,75,3,68,80,75,70,,75,,90,3.2,80,3.2,78,90,82,75,,,,,https://www.cgdev.org/sites/default/files/how-much-would-reducing-lead-exposure-improve-childrens-learning-developing-world.pdf,10.1093/wbro/lkae010,Global health; “Health & well-being in low-income countries”
Evaluator 1,How Much Would Reducing Lead Exposure Improve Children’s Learning in the Developing World?,academic,,,,,,,,,,,,,,,,,,,,,,,,,,,,,,,,,,,,,,,,,,,,,,,,,How Much Would Reducing Lead Exposure Improve Children’s Learning in the Developing World?,"50_published evaluations (on PubPub, by Unjournal)",2025-06-12T12:19:44.331-04:00,,https://www.cgdev.org/sites/default/files/how-much-would-reducing-lead-exposure-improve-childrens-learning-developing-world.pdf,10.1093/wbro/lkae010,Global health; “Health & well-being in low-income countries”
Evaluator 2,How Much Would Reducing Lead Exposure Improve Children’s Learning in the Developing World?,academic,[20-25] years in research and [about 15] years in systematic reviews and meta-analysis. [Range coded to preserve anonymity.],Approximately 50,,,,,,,,,,,,,,,,,,,,,,,,,,,,,,,,,,,,,,,,,,,,,,,How Much Would Reducing Lead Exposure Improve Children’s Learning in the Developing World?,"50_published evaluations (on PubPub, by Unjournal)",2025-06-12T12:11:38.702-04:00,,https://www.cgdev.org/sites/default/files/how-much-would-reducing-lead-exposure-improve-childrens-learning-developing-world.pdf,10.1093/wbro/lkae010,Global health; “Health & well-being in low-income countries”
Evaluator 1,Intergenerational Child Mortality Impacts of Deworming: Experimental Evidence from Two Decades of the Kenya Life Panel Survey,academic,10 years,40,,,,,,,,,,,,,,,,,,,,,,,,,,,,,,,,,,,,,,,,,,,,,,,"Intergenerational Child Mortality Impacts of Deworming: Experimental Evidence from Two Decades of the Kenya Life Panel Survey
","50_published evaluations (on PubPub, by Unjournal)",2025-05-30T11:12:49.087-04:00,,,,
Evaluator 2,Intergenerational Child Mortality Impacts of Deworming: Experimental Evidence from Two Decades of the Kenya Life Panel Survey,academic,10+ years,100+ (I have not tracked),"Including reading the paper, about 4 hours",,,,,,,,,,,,,,,,,,,,,,,,,,,,,,,,,,,,,,,,,,,,,,"Intergenerational Child Mortality Impacts of Deworming: Experimental Evidence from Two Decades of the Kenya Life Panel Survey
","50_published evaluations (on PubPub, by Unjournal)",2024-09-25T12:55:27.387-04:00,4,,,
Evaluator 1,"Intergenerational Child Mortality Impacts of Deworming: Experimental Evidence from Two Decades of the Kenya Life Panel Survey
",,,,,,,,,,,,,,,,,,75,,90,,75,3,75,75,77,90,,85,,95,,85,3.5,85,85,87,95,,95,,100,,95,4.0,95,95,97,100,,,,,https://escholarship.org/uc/item/3d11905j,https://doi.org/10.3386/w31162,Global health; “Health & well-being in low-income countries”
Evaluator 2,"Intergenerational Child Mortality Impacts of Deworming: Experimental Evidence from Two Decades of the Kenya Life Panel Survey
",,,,,,,,,,,,,,,,,,70,80,90,,90,4,75,80,80,90,,80,90,95,,95,4.5,85,90,90,95,,90,100,100,,100,5.0,95,100,100,100,,,,,https://escholarship.org/uc/item/3d11905j,https://doi.org/10.3386/w31162,Global health; “Health & well-being in low-income countries”
Evaluator 1,Irrigation Strengthens Climate Resilience: Long-term Evidence from Mali using Satellites and Surveys,academic,15,25+,3 hours,small scale irrigation (social science),,,,,,,,,,,,,70,60,65,2.9,70,3.2,70,70,69,65,,80,70,75,3.5,75,3.6,75,80,75,75,,90.0,75.0,85.0,4.0,80.0,4.2,85.0,90.0,85.0,85.0,Irrigation Strengthens Climate Resilience: Long-term Evidence from Mali using Satellites and Surveys,"50_published evaluations (on PubPub, by Unjournal)",2025-09-11T16:48:59.398-04:00,3,https://www.researchgate.net/publication/378199084_Irrigation_strengthens_climate_resilience_Long-term_evidence_from_Mali_using_satellites_and_surveys,,Global health; “Health & well-being in low-income countries”
Evaluator 2,Irrigation Strengthens Climate Resilience: Long-term Evidence from Mali using Satellites and Surveys,academic,8 years.,10+,,"Development economics, with some work on irrigation.",,,,,,,,,,,,,"
","
","
","
","
","
","
","
","
","
",,32,35,30,3.2,40,2.5,34,70,46,30,,"
","
","
","
","
","
","
","
","
","
",Irrigation Strengthens Climate Resilience: Long-term Evidence from Mali using Satellites and Surveys,"50_published evaluations (on PubPub, by Unjournal)",2025-06-16T10:26:34.486-04:00,,https://www.researchgate.net/publication/378199084_Irrigation_strengthens_climate_resilience_Long-term_evidence_from_Mali_using_satellites_and_surveys,,Global health; “Health & well-being in low-income countries”
Anon. evaluation 1,Legalizing Entrepreneurship,,,,,,,,,,,,,,,,,,50,,70,2,50,2,50,40,50,70,,60,,60,2.5,60,2.5,60,60,60,60,,70,,90,3,70,3,70,60,70,90,,,,,https://www.nber.org/papers/w30624,https://doi.org/10.3386/w30624,Economic development & governance (LMICs)
Anon. evaluation 2,Legalizing Entrepreneurship,,,,,,,,,,,,,,,,,,90,,88,4,95,4,86,72,85,93,,96,,94,4.4,98,4.7,92,78,90,97,,100,,100,4.7,100,5,97,83,97,100,,,,,https://www.nber.org/papers/w30624,https://doi.org/10.3386/w30624,Economic development & governance (LMICs)
Evaluator 1,Legalizing Entrepreneurship,academic,"My research focuses on applied work but not particularly related to labor or migration. So I would say, not so long ago.","3 journals, 9 master thesis.",,,,,,,,,,,,,,,,,,,,,,,,,,,,,,,,,,,,,,,,,,,,,,,Legalizing Entrepreneurship,"50_published evaluations (on PubPub, by Unjournal)",2025-06-28T08:18:07.364-04:00,,https://www.nber.org/papers/w30624,https://doi.org/10.3386/w30624,Economic development & governance (LMICs)
Evaluator 2,Legalizing Entrepreneurship,academic,5 years.,About 10.,,,,,,,,,,,,,,,,,,,,,,,,,,,,,,,,,,,,,,,,,,,,,,,Legalizing Entrepreneurship,"50_published evaluations (on PubPub, by Unjournal)",2025-06-28T08:09:19.028-04:00,,https://www.nber.org/papers/w30624,https://doi.org/10.3386/w30624,Economic development & governance (LMICs)
Evaluator 1,Long Term Cost-Effectiveness of Resilient Foods for Global Catastrophes Compared to Artificial General Intelligence Safety,academic,,,,,,,,,,,,,,,,,,,,,,,,,,,,,,,,,,,,,,,,,,,,,,,,,Long term cost-effectiveness of resilient foods for global catastrophes compared to artificial general intelligence safety,"50_published evaluations (on PubPub, by Unjournal)",2025-07-07T08:51:58.834-04:00,,,,
Evaluator 2,Long Term Cost-Effectiveness of Resilient Foods for Global Catastrophes Compared to Artificial General Intelligence Safety,academic,,,,,,,,,,,,,,,,,,,,,,,,,,,,,,,,,,,,,,,,,,,,,,,,,Long term cost-effectiveness of resilient foods for global catastrophes compared to artificial general intelligence safety,"50_published evaluations (on PubPub, by Unjournal)",2025-07-07T08:51:55.353-04:00,,,,
Evaluator 3,Long Term Cost-Effectiveness of Resilient Foods for Global Catastrophes Compared to Artificial General Intelligence Safety,academic,,,,,,,,,,,,,,,,,,,,,,,,,,,,,,,,,,,,,,,,,,,,,,,,,Long term cost-effectiveness of resilient foods for global catastrophes compared to artificial general intelligence safety,"50_published evaluations (on PubPub, by Unjournal)",2025-07-07T08:46:58.816-04:00,,,,
Alex Bates,Long term cost-effectiveness of resilient foods for global catastrophes compared to artificial general intelligence safety,,,,,,,,,,,,,,,,,,20,,60,1,40,1,40,40,20,,,30,,90,2,60,2,50,70,40,,,60,,95,2,75,2,60,75,60,,,,,,https://allfed.info/images/pdfs/Long_term_cost_effectiveness_of_resilien.pdf,https://doi.org/10.1016/j.ijdrr.2022.102798,"Catastrophic and existential risks,  the long-term future, forecasting"
Anca Hanea,Long term cost-effectiveness of resilient foods for global catastrophes compared to artificial general intelligence safety,,,,,,,,,,,,,,,,,,70,,70,3,65,3,50,50,60,,,80,,85,3.5,85,4,70,73,80,,,90,,90,5,95,5,90,95,90,,,,,,https://allfed.info/images/pdfs/Long_term_cost_effectiveness_of_resilien.pdf,https://doi.org/10.1016/j.ijdrr.2022.102798,"Catastrophic and existential risks,  the long-term future, forecasting"
Scott Janzwood,Long term cost-effectiveness of resilient foods for global catastrophes compared to artificial general intelligence safety,,,,,,,,,,,,,,,,,,,,,,,,,,,,,70,,80,3.5,80,3.5,,,65,,,,,,,,,,,,,,,,,https://allfed.info/images/pdfs/Long_term_cost_effectiveness_of_resilien.pdf,https://doi.org/10.1016/j.ijdrr.2022.102798,"Catastrophic and existential risks,  the long-term future, forecasting"
Eleanor Tsai,Maternal cash transfers for gender equity and child development: Experimental evidence from India,,,,,,,,,,,,,,,,,,90,80,90,3.6,75,3.6,80,80,80,90,,95,90,95,4.1,80,4.2,85,90,85,95,,100.0,100.0,100.0,4.6,85.0,5.0,90.0,100.0,90.0,100.0,,,,,,,
Evaluator 1,Maternal cash transfers for gender equity and child development: Experimental evidence from India,academic,,,,,,,,,,,,,,,,,89,80,84,2.1,85,2.9,58,20,65,84,,90,85,88,2.9,85,3.1,60,30,70,88,,91.0,90.0,92.0,3.1,85.0,3.3,62.0,40.0,75.0,92.0,Cash Transfers for Child Development: Experimental Evidence from India,"50_published evaluations (on PubPub, by Unjournal)",2025-09-08T14:50:25.940-04:00,,,,
Evaluator 2,Maternal cash transfers for gender equity and child development: Experimental evidence from India,academic,10 years,>100,4 hrs,,,,,,,,,,,,,,,,,,,,,,,,,,,,,,,,,,,,,,,,,,,,,,Cash Transfers for Child Development: Experimental Evidence from India,"50_published evaluations (on PubPub, by Unjournal)",2025-08-14T16:59:07.526-04:00,4,,,
Evaluator 1,Meaningfully reducing consumption of meat and animal products is an unsolved problem: A meta-analysis,academic,4 years,>10,"few days, probably 15 hours total",Meta-analysis,,,,,,,,,,,,,50,50,80,3.5,70,3,30,60,60,80,,60,60,90,4,80,3.5,40,70,75,90,,70,70,100,4.5,90,4,50,80,80,100,Meaningfully reducing consumption of meat and animal products is an unsolved problem: A meta-analysis,"50_published evaluations (on PubPub, by Unjournal)",2025-07-20T01:18:44.795-04:00,15,https://osf.io/preprints/osf/q6xyr_v4,doi.org/10.31219/osf.io/q6xyr,Markets for products with large externalities (focus: animal agriculture)
Matthew B. Jané,Meaningfully reducing consumption of meat and animal products is an unsolved problem: A meta-analysis,,,,,,,,,,,,,,,,,,5,30,45,2.3,19,0.4,10,86,14,45,,50,59,88,3.2,40,1.1,25,91,39,88,,95,85,93,4.1,65,1.9,43,100,62,93,,,,,https://osf.io/preprints/osf/q6xyr_v4,doi.org/10.31219/osf.io/q6xyr,Markets for products with large externalities (focus: animal agriculture)
Evaluator 1,Mental Health Therapy as a Core Strategy for Increasing Human Capital: Evidence from Ghana,academic,[about 3-5 years]… (in global mental health specifically),[about] 20,,,,,,,,,,,,,,,,,,,,,,,,,,,,,,,,,,,,,,,,,,,,,,,Cognitive Behavioral Therapy among Ghana’s Rural Poor Is Effective Regardless of Baseline Mental Distress,"50_published evaluations (on PubPub, by Unjournal)",2025-07-07T09:07:42.027-04:00,,,,
Evaluator 2,Mental Health Therapy as a Core Strategy for Increasing Human Capital: Evidence from Ghana,academic,[About 10 years … Editors: removed some mildly-identifying content here],20-30 formal referee reports,,,,,,,,,,,,,,,,,,,,,,,,,,,,,,,,,,,,,,,,,,,,,,,Cognitive Behavioral Therapy among Ghana’s Rural Poor Is Effective Regardless of Baseline Mental Distress,"50_published evaluations (on PubPub, by Unjournal)",2025-07-07T09:07:39.884-04:00,,,,
Evaluator 1,Misperceptions and Demand for Democracy under Authoritarianism,academic,10 years ,~200,1.5 work days,Political Science; Authoritarian Politics; MENA Politics; Experimental Methods ,,,,,,,,,,,,,,,,,,,,,,,,,,,,,,,,,,,,,,,,,,,,,Misperceptions and Demand for Democracy under Authoritarianism,"50_published evaluations (on PubPub, by Unjournal)",2025-07-13T18:10:00.693-04:00,12,https://www.nber.org/papers/w33018,10.3386/w33018,"International cooperation and conflict, behavior of large governments; authoritarianism"
Evaluator 2,Misperceptions and Demand for Democracy under Authoritarianism,academic,10+ years,50+,4 hours,"Political economy, media and politics",,,,,,,,,,,,,80,75,80,3.5,80,3.5,80,75,80,80,,88,83,88,4.3,88,4.3,88,83,88,88,,95,90,95,5,95,5,95,90,95,95,Misperceptions and Demand for Democracy under Authoritarianism,"50_published evaluations (on PubPub, by Unjournal)",2025-06-13T04:29:54.578-04:00,4,https://www.nber.org/papers/w33018,10.3386/w33018,"International cooperation and conflict, behavior of large governments; authoritarianism"
Korhan Kocak,Misperceptions and Demand for Democracy under Authoritarianism,,,,,,,,,,,,,,,,,,75,80,80,3,80,3.4,60,15,70,80,,90,90,90,4.3,90,4.1,75,30,85,90,,95,94,95,4.7,95,4.4,90,50,95,95,,,,,https://www.nber.org/papers/w33018,10.3386/w33018,"International cooperation and conflict, behavior of large governments; authoritarianism"
Anon. evaluator 2 1,Money (Not) to Burn: Payments for Ecosystem Services to Reduce Crop Residue Burning,,,,,,,,,,,,85,,,,,,85,,90,,80,,65,70,80,90,,80,,90,4,90,4,80,90,85,90,,95,,100,,90,,75,80,90,100,,,,,https://seemajayachandran.com/money_not_to_burn.pdf,https://doi.org/10.1257/aeri.20230431,Economic development & governance (LMICs)
Evaluator 1,Money (Not) to Burn: Payments for Ecosystem Services to Reduce Crop Residue Burning,academic,,,,,,,,,,,,,,,,,,,,,,,,,,,,,,,,,,,,,,,,,,,,,,,,,Money (Not) to Burn: Payments for Ecosystem Services to Reduce Crop Residue Burning,"50_published evaluations (on PubPub, by Unjournal)",2025-06-27T15:10:25.726-04:00,,https://seemajayachandran.com/money_not_to_burn.pdf,https://doi.org/10.1257/aeri.20230431,Economic development & governance (LMICs)
Evaluator 2,Money (Not) to Burn: Payments for Ecosystem Services to Reduce Crop Residue Burning,academic,Two years,Zero,,,,,,,,,,,,,,,,,,,,,,,,,,,,,,,,,,,,,,,,,,,,,,,Money (Not) to Burn: Payments for Ecosystem Services to Reduce Crop Residue Burning,"50_published evaluations (on PubPub, by Unjournal)",2025-06-27T14:42:58.795-04:00,,https://seemajayachandran.com/money_not_to_burn.pdf,https://doi.org/10.1257/aeri.20230431,Economic development & governance (LMICs)
Karthik Tadepalli,Money (Not) to Burn: Payments for Ecosystem Services to Reduce Crop Residue Burning,,,,,,,,,,,,,,,,,,70,,80,3,88,3,70,75,75,90,,80,,95,4,90,4,80,80,90,95,,85,,100,5,92,5,95,95,95,100,,,,,https://seemajayachandran.com/money_not_to_burn.pdf,https://doi.org/10.1257/aeri.20230431,Economic development & governance (LMICs)
Evaluator 1,PUBPUB submission - E2 - The Effect of Public Science on Corporate R&D,academic,Nearly twenty years.,This is my second one.,,,,,,,,,,,,,,,,,,,,,,,,,,,,,,,,,,,,,,,,,,,,,,,The Effect of Public Science on Corporate R&D,"50_published evaluations (on PubPub, by Unjournal)",2025-05-02T12:46:29.436-04:00,,,,
Evaluator 1,Pharmaceutical Pricing and R&D as a Global Public Good,,,,,,,,,,,,,,,,,,75,5,89,1,55,1,35,100,35,89,,85,20,95,2,70,2,55,100,51,95,,95,40,100,3,85,3,75,100,65,100,,,,,https://www.nber.org/system/files/working_papers/w31272/w31272.pdf,doi.org/10.3386/w31272,"Other: Economics/welfare, growth, policy, global markets and population"
Evaluator 2,Pharmaceutical Pricing and R&D as a Global Public Good,,,,,,,,,,,,,,,,,,10,50,20,,70,1.5,60,100,10,20,,25,70,35,,80,2.5,70,100,30,35,,40,90,70,,90,3.1,90,100,50,70,,,,,https://www.nber.org/system/files/working_papers/w31272/w31272.pdf,doi.org/10.3386/w31272,"Other: Economics/welfare, growth, policy, global markets and population"
Evaluator 1,Pharmaceutical Pricing and R&d as a Global Public Good,academic,6 years,2,3 days,,,,,,,,,,,,,,,,,,,,,,,,,,,,,,,,,,,,,,,,,,,,,,Pharmaceutical Pricing and R&D as a Global Public Good,"50_published evaluations (on PubPub, by Unjournal)",2025-03-27T18:07:51.673-04:00,24,,,
Evaluator 1,"Pharmaceutical Pricing, and R&D as a Global Public Good",academic,,,,,,,,,,,,,,,,,,,,,,,,,,,,,,,,,,,,,,,,,,,,,,,,,Pharmaceutical Pricing and R&D as a Global Public Good,"50_published evaluations (on PubPub, by Unjournal)",2025-06-06T21:54:18.260-04:00,,,,
Evaluator 1,Population ethical intuitions,academic,5 years,20,20 hours,Experimental economics,,,,,,,,,,,,,,,,,,,,,,,,,,,,,,,,,,,,,,,,,,,,,Population ethical intuitions.,"50_published evaluations (on PubPub, by Unjournal)",2025-07-16T13:28:02.501-04:00,20,,,
Evaluator 2,Population ethical intuitions,academic,+10 years,+10,,welfare economics and normative ethics,,,,,,,,,,,,,,,,,,,,,,,,,,,,,,,,,,,,,,,,,,,,,Population ethical intuitions.,"50_published evaluations (on PubPub, by Unjournal)",2025-05-06T04:35:55.551-04:00,,,,
Evaluator 2,Population ethical intuitions.,,,,,,,,,,,,,,,,,,20,50,30,4,50,3.4,50,80,60,30,,30,60,40,4,60,4.1,70,90,65,40,,50,70,50,4,75,4.4,80,100,80,50,,,,,https://bpb-us-w2.wpmucdn.com/web.sas.upenn.edu/dist/c/183/files/2022/07/Caviola-et-al-2022-Population-ethical-intuitions-COGNITION.pdf,https://doi.org/10.1016/j.cognition.2021.104941,"Attitudes and behaviors (Altruism, moral circles, animal consumption, effectiveness, political attitudes, etc.) [Psychology/behavioral economics adjacent group]"
Stijn Bruers,Population ethical intuitions.,,,,,,,,,,,,,,,,,,76,64,84,4.3,73,4.5,55,84,56,84,,86,79,90,4.7,82,4.6,71,90,77,90,,93,93,96,5,93,5,91,95,94,96,,,,,https://bpb-us-w2.wpmucdn.com/web.sas.upenn.edu/dist/c/183/files/2022/07/Caviola-et-al-2022-Population-ethical-intuitions-COGNITION.pdf,https://doi.org/10.1016/j.cognition.2021.104941,"Attitudes and behaviors (Altruism, moral circles, animal consumption, effectiveness, political attitudes, etc.) [Psychology/behavioral economics adjacent group]"
Anon. evaluator 1,Replicability & Generalisability:  A Guide to CEA discounts,,,,,,,,,,,,,,,,,,20,,50,,10,,,0,0,,,30,,70,,30,,,10,25,,,80,,95,,70,,,50,50,,,,,,https://docs.google.com/document/d/1eJBSmNG-iRJ-twoHaoztQUmB4pmEHut8_oT3xgtldnI/edit#heading=h.7om527x8q9t7,,"Other: Economics/welfare, growth, policy, global markets and population"
Max Meier,Replicability & Generalisability:  A Guide to CEA discounts,,,,,,,,,,,,,,,,,,20,,10,,10,,0,,10,,,50,,50,,30,,10,10,40,,,70,,80,,50,,40,,60,,,,,,https://docs.google.com/document/d/1eJBSmNG-iRJ-twoHaoztQUmB4pmEHut8_oT3xgtldnI/edit#heading=h.7om527x8q9t7,,"Other: Economics/welfare, growth, policy, global markets and population"
Evaluator 1,Replicability & Generalisability: A Guide to CEA discounts,academic,~3 years,~10,,,,,,,,,,,,,,,,,,,,,,,,,,,,,,,,,,,,,,,,,,,,,,,Replicability & Generalisability:  A Guide to CEA discounts,"50_published evaluations (on PubPub, by Unjournal)",2025-06-08T11:38:48.577-04:00,,,,
Evaluator 2,Replicability & Generalisability: A Guide to CEA discounts,academic,I have worked as a statistician [for about a decade].,"I am not sure, sorry. I’d guess 20.",,,,,,,,,,,,,,,,,,,,,,,,,,,,,,,,,,,,,,,,,,,,,,,Replicability & Generalisability:  A Guide to CEA discounts,"50_published evaluations (on PubPub, by Unjournal)",2025-06-08T11:31:08.686-04:00,,,,
Anon. evaluator 2 1,Selecting the Most Effective Nudge: Evidence from a Large-Scale Experiment on Immunization,,,,,,,,,,,,,,,,,,80,,70,4,70,4,70,70,80,75,,95,,85,4.7,90,4.7,90,90,95,95,,99,,99,5.0,95,5.0,95,95,99,99,,,,,https://arxiv.org/abs/2104.09645v2,https://doi.org/10.3386/w28726,Global health; “Health & well-being in low-income countries”
Anon. evaluator 3,Selecting the Most Effective Nudge: Evidence from a Large-Scale Experiment on Immunization,,,,,,,,,,,,,,,,,,75,,90,4,50,4,50,25,75,70,,85,,95,4.7,80,4.5,80,70,85,95,,90,,100,5.0,100,5.0,100,80,90,100,,,,,https://arxiv.org/abs/2104.09645v2,https://doi.org/10.3386/w28726,Global health; “Health & well-being in low-income countries”
Evaluator 1,Selecting the Most Effective Nudge: Evidence from a Large-Scale Experiment on Immunization,academic,10+ years,20+,,,,,,,,,,,,,,,,,,,,,,,,,,,,,,,,,,,,,,,,,,,,,,,Selecting the Most Effective Nudge: Evidence from a Large-Scale Experiment on Immunization,"50_published evaluations (on PubPub, by Unjournal)",2025-06-08T10:55:43.266-04:00,,https://arxiv.org/abs/2104.09645v2,https://doi.org/10.3386/w28726,Global health; “Health & well-being in low-income countries”
Evaluator 2,Selecting the Most Effective Nudge: Evidence from a Large-Scale Experiment on Immunization,academic,[Range coded for anonymity: 5-10 years],5-10,,,,,,,,,,,,,,,,,,,,,,,,,,,,,,,,,,,,,,,,,,,,,,,Selecting the Most Effective Nudge: Evidence from a Large-Scale Experiment on Immunization,"50_published evaluations (on PubPub, by Unjournal)",2025-06-08T10:43:08.706-04:00,,https://arxiv.org/abs/2104.09645v2,https://doi.org/10.3386/w28726,Global health; “Health & well-being in low-income countries”
Evaluator 3,Selecting the Most Effective Nudge: Evidence from a Large-Scale Experiment on Immunization,academic,I have been in this field about [range coded 7-10 years.],I have reviewed about 30 articles for academic journals.,,,,,,,,,,,,,,,,,,,,,,,,,,,,,,,,,,,,,,,,,,,,,,,Selecting the Most Effective Nudge: Evidence from a Large-Scale Experiment on Immunization,"50_published evaluations (on PubPub, by Unjournal)",2025-06-04T16:16:08.271-04:00,,https://arxiv.org/abs/2104.09645v2,https://doi.org/10.3386/w28726,Global health; “Health & well-being in low-income countries”
Rachel Sabates-Wheeler,"Social Safety Nets, Women’s Economic
Achievements and Agency",,,,,,,,,,,,,,,,,,68,74,57,3.4,80,3.3,76,85,71,57,,72,81,68,3.7,83,3.6,82,91,77,68,,77.0,85.0,72.0,3.8,86.0,4.5,90.0,94.0,80.0,72.0,,,,,https://www.dropbox.com/scl/fo/aqogqaeo4cchhyqlh1840/AJIvGRT6Gc_3t1dq42KtJN0?rlkey=kg5ps35hk57rfznzt4w7gs41b&st=phfzaxcu&dl=0,,Economic development & governance (LMICs)
Daniel Lee,Stagnation and Scientific Incentives,,,,,,,,,,,,,,,,,,67,,40,3,70,2.3,25,40,55,40,,,,50,3.5,80,3,,50,70,50,,,,60,4.0,90,3.7,,60,85,60,,,,,https://www.nber.org/system/files/working_papers/w26752/w26752.pdf,10.3386/w26752,"Innovation, meta-science, and research"
Evaluator 1,Stagnation and Scientific Incentives,academic,"Depends on how you count it, but at least 10 years",at least 30,3-4 hours,,,,,,,,,,,,,,,,,,,,,,,,,,,,,,,,,,,,,,,,,,,,,,Stagnation and Scientific Incentives,"50_published evaluations (on PubPub, by Unjournal)",2025-03-12T21:55:21.354-04:00,3.5,https://www.nber.org/system/files/working_papers/w26752/w26752.pdf,10.3386/w26752,"Innovation, meta-science, and research"
Anon. evaluator 1,The Benefits and Costs of Guest Worker Programs: Experimental Evidence From the India-UAE Migration Corridor,,,,,,,,,,,,,,,,,,75,,60,4,65,4,70,65,70,75,,80,,70,4.5,70,4.5,75,70,75,80,,85,,80,5.0,75,5,80,75,85,85,,,,,https://www.nber.org/papers/w31354,doi.org/10.3386/w31354,Economic development & governance (LMICs)
Anon. evaluator 2 1,The Benefits and Costs of Guest Worker Programs: Experimental Evidence From the India-UAE Migration Corridor,,,,,,,,,,,,,,,,,,75,,85,4,60,3,30,85,60,85,,85,,90,4.3,85,3.5,40,90,75,90,,95,,95,4.5,90,4,60,95,90,95,,,,,https://www.nber.org/papers/w31354,doi.org/10.3386/w31354,Economic development & governance (LMICs)
Evaluator 1,The Benefits and Costs of Guest Worker Programs: Experimental Evidence from the India-UAE Migration Corridor,academic,"Mid-career development professional, currently pursuing a PhD in economics","Journals/Grants: 0
Other peer-review: ±5",,,,,,,,,,,,,,,,,,,,,,,,,,,,,,,,,,,,,,,,,,,,,,,The Benefits and Costs of Guest Worker Programs: Experimental Evidence From the India-UAE Migration Corridor,"50_published evaluations (on PubPub, by Unjournal)",2025-06-28T08:24:59.361-04:00,,,,
Evaluator 2,The Benefits and Costs of Guest Worker Programs: Experimental Evidence from the India-UAE Migration Corridor,academic,[Range coded to protect anonymity: 2-5 years],"None, this is my first.",,,,,,,,,,,,,,,,,,,,,,,,,,,,,,,,,,,,,,,,,,,,,,,The Benefits and Costs of Guest Worker Programs: Experimental Evidence From the India-UAE Migration Corridor,"50_published evaluations (on PubPub, by Unjournal)",2025-06-28T08:24:39.421-04:00,,,,
Anonymous_21,The Comparative Impact of Cash Transfers and a Psychotherapy Program on Psychological and Economic Well-being,,,,,,,,,,,,,,,,,,60,,80,2,70,3,85,40,65,60,,70,,90,3,75,4,90,50,75,75,,90,,100,4,90,4,95,80,85,90,,,,,https://www.nber.org/papers/w28106,doi.org/10.3386/w28106,Global health; “Health & well-being in low-income countries”
Evaluator 1,The Comparative Impact of Cash Transfers and a Psychotherapy Program on Psychological and Economic Well-being,academic,,,,,,,,,,,,,,,,,,,,,,,,,,,,,,,,,,,,,,,,,,,,,,,,,The Comparative Impact of Cash Transfers and a Psychotherapy Program on Psychological and Economic Well-being,"50_published evaluations (on PubPub, by Unjournal)",2025-07-07T09:00:45.427-04:00,,https://www.nber.org/papers/w28106,doi.org/10.3386/w28106,Global health; “Health & well-being in low-income countries”
Evaluator 2,The Comparative Impact of Cash Transfers and a Psychotherapy Program on Psychological and Economic Well-being,academic,,,,,,,,,,,,,,,,,,,,,,,,,,,,,,,,,,,,,,,,,,,,,,,,,The Comparative Impact of Cash Transfers and a Psychotherapy Program on Psychological and Economic Well-being,"50_published evaluations (on PubPub, by Unjournal)",2025-07-07T09:00:32.730-04:00,,https://www.nber.org/papers/w28106,doi.org/10.3386/w28106,Global health; “Health & well-being in low-income countries”
Hannah Metzler,The Comparative Impact of Cash Transfers and a Psychotherapy Program on Psychological and Economic Well-being,,,,,,,,,,,,,,,,,,,,,,,,,,,,,90,,100,4,80,5,90,70,90,100,,,,,,,,,,,,,,,,https://www.nber.org/papers/w28106,doi.org/10.3386/w28106,Global health; “Health & well-being in low-income countries”
Evaluator 1,The Effect of Public Science on Corporate R&D,academic,3 years,8,5 hours,Applied econometrics,,,,,,,,,,,,,42,44,62,3.1,62,2.4,28,62,58,62,,46,57,67,3.6,68,2.8,36,65,64,67,,50,70,71,4.1,70,3.2,44,74,70,71,The Effect of Public Science on Corporate R&D,"50_published evaluations (on PubPub, by Unjournal)",2025-05-06T11:23:32.152-04:00,5,https://www.nber.org/papers/w31899,doig.org/10.3386/w31899,"Innovation, meta-science, and research"
Evaluator 2,The Effect of Public Science on Corporate R&D,academic,3 years,8,4 hours,,,,,,,,,,,,,,,,,,,,,,,,,,,,,,,,,,,,,,,,,,,,,,The Effect of Public Science on Corporate R&D,"50_published evaluations (on PubPub, by Unjournal)",2025-03-30T06:58:02.525-04:00,4,https://www.nber.org/papers/w31899,doig.org/10.3386/w31899,"Innovation, meta-science, and research"
Ioannis Bournakis,The Effect of Public Science on Corporate R&D,,,,,,,,,,,,,,,,,,90,80,72,4,65,3.5,80,75,75,72,,90,80,72,4.2,65,4,80,85,75,72,,95,90,88,5,83,4.8,90,85,87,88,,,,,https://www.nber.org/papers/w31899,doig.org/10.3386/w31899,"Innovation, meta-science, and research"
Anonymous_19,The Environmental Effects of Economic Production: Evidence from Ecological Observations,,,,,,,,,,,,,,,,,,,,,,,,,,,,,70,,80,4,75,4,70,65,70,60,,,,,,,,,,,,,,,,https://papers.ssrn.com/sol3/papers.cfm?abstract_id=4614212,doi.org/10.3386/w29357,Economic development & governance (LMICs)
Elias Cisneros,The Environmental Effects of Economic Production: Evidence from Ecological Observations,,,,,,,,,,,,,,,,,,,,,,,,,,,,,90,,95,4,80,4,75,90,88,95,,,,,,,,,,,,,,,,https://papers.ssrn.com/sol3/papers.cfm?abstract_id=4614212,doi.org/10.3386/w29357,Economic development & governance (LMICs)
Evaluator 1,The Environmental Effects of Economic Production: Evidence from Ecological Observations,academic,[blurred for anonymity: 5-10 years],None.,,,,,,,,,,,,,,,,,,,,,,,,,,,,,,,,,,,,,,,,,,,,,,,The Environmental Effects of Economic Production: Evidence from Ecological Observations,"50_published evaluations (on PubPub, by Unjournal)",2025-07-07T08:29:23.901-04:00,,https://papers.ssrn.com/sol3/papers.cfm?abstract_id=4614212,doi.org/10.3386/w29357,Economic development & governance (LMICs)
Evaluator 2,The Environmental Effects of Economic Production: Evidence from Ecological Observations,academic,I started my Ph.D. in 2012. Thereby I am already 11 years in the field.,I have reviewed 13 papers for 8 journals.,,,,,,,,,,,,,,,,,,,,,,,,,,,,,,,,,,,,,,,,,,,,,,,The Environmental Effects of Economic Production: Evidence from Ecological Observations,"50_published evaluations (on PubPub, by Unjournal)",2025-07-07T08:23:51.264-04:00,,https://papers.ssrn.com/sol3/papers.cfm?abstract_id=4614212,doi.org/10.3386/w29357,Economic development & governance (LMICs)
Anonymous_2,The Governance Of Non-Profits And Their Social Impact: Evidence From A Randomized Program In Healthcare In DRC,,,,,,,,,,,,,,,,,,55,,70,2.8,50,3,55,30,55,45,,70,,80,3.6,55,3.8,60,45,65,55,,75,,90,4,65,4.1,70,60,74,75,,,,,https://www.nber.org/system/files/working_papers/w30391/w30391.pdf,https://doi.org/10.1287/mnsc.2023.4846,Global health; “Health & well-being in low-income countries”
Evaluator 1,The Governance Of Non-Profits And Their Social Impact: Evidence From A Randomized Program In Healthcare In DRC,academic,11 years,25,,,,,,,,,,,,,,,,,,,,,,,,,,,,,,,,,,,,,,,,,,,,,,,The Governance Of Non-Profits And Their Social Impact: Evidence From A Randomized Program In Healthcare In DRC,"50_published evaluations (on PubPub, by Unjournal)",2025-07-07T08:32:28.852-04:00,,https://www.nber.org/system/files/working_papers/w30391/w30391.pdf,https://doi.org/10.1287/mnsc.2023.4846,Global health; “Health & well-being in low-income countries”
Anon. evaluator 1,"The Long-Run Effects of Psychotherapy on Depression, Beliefs, and Economic Outcomes",,,,,,,,,,,,,,,,,,76,,80,3.5,74,3.5,68,20,70,76,,83,,85,4,77,4,75,35,77,83,,90,,90,4.5,80,4.5,82,50,84,90,,,,,https://jondequidt.com/pdfs/psychotherapy-depression.pdf,https://doi.org/10.3386/w30011,Global health; “Health & well-being in low-income countries”
Anon. evaluator 2 1,"The Long-Run Effects of Psychotherapy on Depression, Beliefs, and Economic Outcomes",,,,,,,,,,,,,,,,,,80,,82,4.1,69,4.4,83,82,81,79,,90,,92,4.6,79,4.7,90,88,92,86,,100,,100,5.0,89,5.0,97,95,100,93,,,,,https://jondequidt.com/pdfs/psychotherapy-depression.pdf,https://doi.org/10.3386/w30011,Global health; “Health & well-being in low-income countries”
Evaluator 1,"The Long-Run Effects of Psychotherapy on Depression, Beliefs, and Economic Outcomes",academic,[4-8 years — range coded to protect anonymity],10,,,,,,,,,,,,,,,,,,,,,,,,,,,,,,,,,,,,,,,,,,,,,,,"The Long-Run Effects of Psychotherapy on Depression, Beliefs, and Economic Outcomes","50_published evaluations (on PubPub, by Unjournal)",2025-06-08T11:24:35.687-04:00,,https://jondequidt.com/pdfs/psychotherapy-depression.pdf,https://doi.org/10.3386/w30011,Global health; “Health & well-being in low-income countries”
Evaluator 2,"The Long-Run Effects of Psychotherapy on Depression, Beliefs, and Economic Outcomes",academic,~5 in global mental health specifically,~50,,,,,,,,,,,,,,,,,,,,,,,,,,,,,,,,,,,,,,,,,,,,,,,"The Long-Run Effects of Psychotherapy on Depression, Beliefs, and Economic Outcomes","50_published evaluations (on PubPub, by Unjournal)",2025-06-08T11:17:19.039-04:00,,https://jondequidt.com/pdfs/psychotherapy-depression.pdf,https://doi.org/10.3386/w30011,Global health; “Health & well-being in low-income countries”
Evaluator 1,The Macroeconomic Impact of Climate Change: Global vs. Local Temperature,academic,5 complete years,More than 30,10 Hours,,,,,,,,,,,,,,,,,,,,,,,,,,,,,,,,,,,,,,,,,,,,,,The Macroeconomic Impact of Climate Change: Global vs. Local Temperature ,"50_published evaluations (on PubPub, by Unjournal)",2024-12-17T15:10:07.370-05:00,10,,,
Evaluator 1,The Macroeconomic Impact of Climate Change: Global vs. Local Temperature ,,,,,,,,,,,,,,,,,,89,75,80,4,75,4,70,10,80,80,,90,85,85,4.5,85,4.5,80,25,85,85,,91,95,90,5.0,95,5.0,90,40,90,90,,,,,https://dkaenzig.github.io/diegokaenzig.com/Papers/bk_micc.pdf,doi.org/ 10.3386/w32450,"The Environment: Harm to human health, biodiversity, risks and climate change"
Evaluator 2,The Macroeconomic Impact of Climate Change: Global vs. Local Temperature ,,,,,,,,,,,,,,,,,,95,85,90,4.5,100,4.5,75,100,80,90,,98,92,95,4.7,100,4.7,88,100,90,95,,100,100,100,5.0,100,5.0,100,100,100,100,,,,,https://dkaenzig.github.io/diegokaenzig.com/Papers/bk_micc.pdf,doi.org/ 10.3386/w32450,"The Environment: Harm to human health, biodiversity, risks and climate change"
Evaluator 1,"The Macroeconomic Impact of Climate Change: Global vs. Local Temperature 
(November 2024 version)",academic,7 years,Around 5,2 days,,,,,,,,,,,,,,,,,,,,,,,,,,,,,,,,,,,,,,,,,,,,,,The Macroeconomic Impact of Climate Change: Global vs. Local Temperature ,"50_published evaluations (on PubPub, by Unjournal)",2024-12-20T15:40:19.510-05:00,16,,,
Evaluator 1,The Returns to Science In the Presence of Technological Risks,academic,9 years,~50,,,,,,,,,,,,,,,,,,,,,,,,,,,,,,,,,,,,,,,,,,,,,,,The Returns to Science In the Presence of Technological Risks,"50_published evaluations (on PubPub, by Unjournal)",2025-05-28T18:04:08.275-04:00,,https://www.alphaxiv.org/pdf/2312.14289v2?abs=true&ref=99cf34,https://doi.org/10.48550/arXiv.2312.14289,"Innovation, meta-science, and research"
Evaluator 2,The Returns to Science In the Presence of Technological Risks,academic,,,,,,,,,,,,,,,,,,,,,,,,,,,,,,,,,,,,,,,,,,,,,,,,,The Returns to Science In the Presence of Technological Risks,"50_published evaluations (on PubPub, by Unjournal)",2025-05-28T17:53:08.136-04:00,,https://www.alphaxiv.org/pdf/2312.14289v2?abs=true&ref=99cf34,https://doi.org/10.48550/arXiv.2312.14289,"Innovation, meta-science, and research"
Evaluator 3,The Returns to Science In the Presence of Technological Risks,academic,"I have worked as an economist for a decade now, and I have spent approximately the last three or so years working on catastrophic risks.","4-5 papers in total, maybe another 10 or so proposals and more general projects.",,,,,,,,,,,,,,,,,,,,,,,,,,,,,,,,,,,,,,,,,,,,,,,The Returns to Science In the Presence of Technological Risks,"50_published evaluations (on PubPub, by Unjournal)",2025-05-28T15:58:20.056-04:00,,https://www.alphaxiv.org/pdf/2312.14289v2?abs=true&ref=99cf34,https://doi.org/10.48550/arXiv.2312.14289,"Innovation, meta-science, and research"
Evaluator 4,The Returns to Science In the Presence of Technological Risks,applied,9 years,~50,15 hours,,,,,,,,,,,,,,,,,,,,,,,,,,,,,,,,,,,,,,,,,,,,,,,,,,https://www.alphaxiv.org/pdf/2312.14289v2?abs=true&ref=99cf34,https://doi.org/10.48550/arXiv.2312.14289,"Innovation, meta-science, and research"
Gregory Lewis,The Returns to Science In the Presence of Technological Risks,,,,,,,,,,,,,,,,,,56,16,40,,64,,88,76,27,18,,81,79,60,,88,,75,89,71,65,,96,90,75,,95,,33,99,87,89,,,,,https://www.alphaxiv.org/pdf/2312.14289v2?abs=true&ref=99cf34,https://doi.org/10.48550/arXiv.2312.14289,"Innovation, meta-science, and research"
Mike Hinge,The Returns to Science In the Presence of Technological Risks,,,,,,,,,,,,,,,,,,65,70,65,,70,,65,80,60,65,,75,85,75,,85,,75,90,80,75,,85,90,83,,90,,85,95,88,83,,,,,https://www.alphaxiv.org/pdf/2312.14289v2?abs=true&ref=99cf34,https://doi.org/10.48550/arXiv.2312.14289,"Innovation, meta-science, and research"
Yassin Alaya,The Returns to Science In the Presence of Technological Risks,,,,,,,,,,,,,,,,,,30,,80,0,30,3,45,35,,50,,65,,90,2,50,4.5,60,60,,70,,100,,100,4.0,70,5.0,75,85,,90,,,,,https://www.alphaxiv.org/pdf/2312.14289v2?abs=true&ref=99cf34,https://doi.org/10.48550/arXiv.2312.14289,"Innovation, meta-science, and research"
Evaluator 1,The animal welfare cost of meat: evidence from a survey of hypothetical scenarios among Belgian consumers,academic,5-10 years ,"Dozens of peer-reviewed articles, dozens of peer-reviewed government/intergovernment reports, dozens of grants ",4-6 hours ,,,,,,,,,,,,,,,,,,,,,,,,,,,,,,,,,,,,,,,,,,,,,,The animal welfare cost of meat: evidence from a survey of hypothetical scenarios among Belgian consumers,"50_published evaluations (on PubPub, by Unjournal)",2024-12-01T16:26:09.942-05:00,5,https://lirias.kuleuven.be/3946788?limo=0,doi.org/10.1080/21606544.2022.2138980,Markets for products with large externalities (focus: animal agriculture)
Evaluator 2,The animal welfare cost of meat: evidence from a survey of hypothetical scenarios among Belgian consumers,,,,,,,,,,,,,,,,,,85,65,70,,85,,60,75,70,70,,90,70,80,,90,,65,80,80,80,,95,75,90,,95,,70,85,90,90,,,,,https://lirias.kuleuven.be/3946788?limo=0,doi.org/10.1080/21606544.2022.2138980,Markets for products with large externalities (focus: animal agriculture)
Romain Espinosa,The animal welfare cost of meat: evidence from a survey of hypothetical scenarios among Belgian consumers,,,,,,,,,,,,,,,,,,,,,,,,,,,,,,,,,,,,,,,,,,,,,,,,,,,,,,https://lirias.kuleuven.be/3946788?limo=0,doi.org/10.1080/21606544.2022.2138980,Markets for products with large externalities (focus: animal agriculture)
Evaluator 1,The wellbeing cost-effectiveness of StrongMinds and Friendship Bench,applied,~10,~50,~20 hours across 3 days,,,,,,,,,,,,,,,,,,,,,,,,,,,,,,,,,,,,,,,,,,,,,,,,,,,,
Evaluator 1,The wellbeing cost-effectiveness of StrongMinds and Friendship Bench: Combining a systematic review and meta-analysis with charity-related data,applied,Over 5 years,Over 20,Two days,,,,,,,,,,,,,,85,75,90,,80,,85,85,75,90,,90,85,95,3.5,85,4.2,90,90,85,95,,95,95,97,,90,,95,95,95,97,,,,,https://www.happierlivesinstitute.org/wp-content/uploads/2025/06/The-wellbeing-cost-effectiveness-of-StrongMinds-and-Friendship-Bench-Combining-a-systematic-review-and-meta-analysis-with-charity-related-data-Nov-2024-Update.pdf,,"Health and well-being (global, including wealthy countries)"
Evaluator 2,The wellbeing cost-effectiveness of StrongMinds and Friendship Bench: Combining a systematic review and meta-analysis with charity-related data,,,,,,,,,,,,,,,,,,75,90,89,,70,3.5,80,66,84,89,,85,93,91,,74,4.2,85,76,87,91,,90,96,93,,85,4.4,90,80,90,93,,,,,https://www.happierlivesinstitute.org/wp-content/uploads/2025/06/The-wellbeing-cost-effectiveness-of-StrongMinds-and-Friendship-Bench-Combining-a-systematic-review-and-meta-analysis-with-charity-related-data-Nov-2024-Update.pdf,,"Health and well-being (global, including wealthy countries)"
Evaluator 1,"Towards best practices in AGI safety
and governance: A survey of expert opinion",academic,3 years,10,4 hours,AI Safety,,,,,,,,,,,,,,,,,,,,,,,,,,,,,,,,,,,,,,,,,,,,,Towards best practices in AGI safety and governance,"50_published evaluations (on PubPub, by Unjournal)",2025-04-16T05:43:03.184-04:00,4,,,
Evaluator 1,Towards best practices in AGI safety and governance,,,,,,,,,,,,,,,,,,75,65,80,3.1,80,3.5,65,50,60,80,,80,70,90,3.5,85,4,70,65,70,90,,85,75,100,4,90,4.5,75,80,80,100,,,,,https://arxiv.org/abs/2305.07153,https://doi.org/10.48550/arXiv.2305.07153,Emerging technologies: social and economic impacts (focus: AI)
Evaluator 2,Towards best practices in AGI safety and governance,,,,,,,,,,,,,,,,,,60,70,60,,70,,60,70,65,60,,70,80,70,,80,,70,80,75,70,,80,90,80,,90,,80,90,85,80,,,,,https://arxiv.org/abs/2305.07153,https://doi.org/10.48550/arXiv.2305.07153,Emerging technologies: social and economic impacts (focus: AI)
Evaluator 1,Towards best practices in AGI safety and governance: A survey of expert opinion,applied,For 8 years.,"It is a bit hard to count, but perhaps an average of 5 per year.",half a day,,,,,,,,,,,,,,,,,,,,,,,,,,,,,,,,,,,,,,,,,,,,,,,,,,,,
Anon. evaluator 1,Universal Basic Income: Short-Term Results from a Long-Term Experiment in Kenya,,,,,,,,,,,,,,,,,,70,,40,4,70,4,90,80,93,80,,93,,60,4.7,80,4.7,95,90,83,90,,100,,80,5.0,90,5.0,100,100,100,100,,,,,https://conference.nber.org/conf_papers/f192616.pdf,,Economic development & governance (LMICs)
Anon. evaluator 2 1,Universal Basic Income: Short-Term Results from a Long-Term Experiment in Kenya,,,,,,,,,,,,,,,,,,65,,45,25,40,2.5,63,10,65,74,,85,,70,4,76,4,85,30,85,87,,95,,90,5.0,91,5.0,95,75,95,98,,,,,https://conference.nber.org/conf_papers/f192616.pdf,,Economic development & governance (LMICs)
Evaluator 1,Universal Basic Income: Short-Term Results from a Long-Term Experiment in Kenya,academic,"In the broader fields of economic policy, statistics, etc.: 10 years.",20,,,,,,,,,,,,,,,,,,,,,,,,,,,,,,,,,,,,,,,,,,,,,,,Universal Basic Income: Short-Term Results from a Long-Term Experiment in Kenya,"50_published evaluations (on PubPub, by Unjournal)",2025-06-08T11:12:19.521-04:00,,https://conference.nber.org/conf_papers/f192616.pdf,,Economic development & governance (LMICs)
Evaluator 2,Universal Basic Income: Short-Term Results from a Long-Term Experiment in Kenya,academic,five years,"This is my first referee report, but I regularly make project funding decisions for my day job.",,,,,,,,,,,,,,,,,,,,,,,,,,,,,,,,,,,,,,,,,,,,,,,Universal Basic Income: Short-Term Results from a Long-Term Experiment in Kenya,"50_published evaluations (on PubPub, by Unjournal)",2025-06-08T11:03:02.941-04:00,,https://conference.nber.org/conf_papers/f192616.pdf,,Economic development & governance (LMICs)
Evaluator 1,Urban Forests: Environmental Health Values and Risks,academic,6 years,8 ,10 hours,,,,,,,,,,,,,,60,40,70,3.5,50,3.5,50,85,45,70,,67,45,80,4.2,51,4.2,55,50,60,80,,70,50,89,4.9,55,4.9,60,95,90,89,Urban Forests: Environmental Health Values and Risks,"50_published evaluations (on PubPub, by Unjournal)",2025-03-21T13:08:28.725-04:00,10,https://static1.squarespace.com/static/56034c20e4b047f1e0c1bfca/t/64cc6e2433011927e704dd75/1691119145031/XHXXZ_urbanforest_2023-8-3.pdf,doi.org/10.3386/w31554,"The Environment: Harm to human health, biodiversity, risks and climate change"
Evaluator 2,Urban Forests: Environmental Health Values and Risks,academic,5,10+,One day,,,,,,,,,,,,,,82,85,80,4.2,87,4.3,88,84,86,80,,88,92,88,4.4,92,4.5,92,88,90,88,,94,95,92,4.6,95,4.7,96,92,94,92,Urban Forests: Environmental Health Values and Risks,"50_published evaluations (on PubPub, by Unjournal)",2025-03-11T15:43:12.548-04:00,8,https://static1.squarespace.com/static/56034c20e4b047f1e0c1bfca/t/64cc6e2433011927e704dd75/1691119145031/XHXXZ_urbanforest_2023-8-3.pdf,doi.org/10.3386/w31554,"The Environment: Harm to human health, biodiversity, risks and climate change"
Anon. evaluation 2,Water Treatment and Child Mortality: A Meta-analysis and Cost-effectiveness Analysis,,,,,,,,,,,,,,,,,,45,,85,3.2,90,3.2,65,80,75,25,,65,,90,3.7,95,3.7,75,90,85,50,,85,,95,4.7,100,4.2,85,100,95,75,,,,,https://bfi.uchicago.edu/wp-content/uploads/2023/01/BFI_WP_2022-26-2.pdf,doi.org/10.3386/w30835,Global health; “Health & well-being in low-income countries”
Evaluator 1,Water Treatment and Child Mortality: A Meta-analysis and Cost-effectiveness Analysis,academic,[12-15 years; range coded to preserve anonymity],20+,,,,,,,,,,,,,,,,,,,,,,,,,,,,,,,,,,,,,,,,,,,,,,,Water Treatment and Child Mortality: A Meta-analysis and Cost-effectiveness Analysis,"50_published evaluations (on PubPub, by Unjournal)",2025-05-30T11:56:25.675-04:00,,https://bfi.uchicago.edu/wp-content/uploads/2023/01/BFI_WP_2022-26-2.pdf,doi.org/10.3386/w30835,Global health; “Health & well-being in low-income countries”
Evaluator 2,Water Treatment and Child Mortality: A Meta-analysis and Cost-effectiveness Analysis,academic,"Sharma Waddington has worked in the field of international development for 23 years, and in the field of policymaking and evidence based policy for 20 years. Masset has worked in the field of evidence based policy for 25 years. The combined total is around 48 years.","Since we have both worked as academics and grant funders for impact evaluations like RCTs, systematic reviews and meta-analyses for a combined total of approximately 50 years, we think we have evaluated over 250 each, so perhaps in excess of 500 in total.",,,,,,,,,,,,,,,,,,,,,,,,,,,,,,,,,,,,,,,,,,,,,,,Water Treatment and Child Mortality: A Meta-analysis and Cost-effectiveness Analysis,"50_published evaluations (on PubPub, by Unjournal)",2025-05-30T11:45:49.018-04:00,,https://bfi.uchicago.edu/wp-content/uploads/2023/01/BFI_WP_2022-26-2.pdf,doi.org/10.3386/w30835,Global health; “Health & well-being in low-income countries”
Masset and Waddington,Water Treatment and Child Mortality: A Meta-analysis and Cost-effectiveness Analysis,,,,,,,,,,,,,,,,,,70,,30,2,30,2,40,20,40,0,,80,,45,3.5,50,2.5,50,35,50,20,,90,,60,5.0,70,3.0,60,50,60,40,,,,,https://bfi.uchicago.edu/wp-content/uploads/2023/01/BFI_WP_2022-26-2.pdf,doi.org/10.3386/w30835,Global health; “Health & well-being in low-income countries”
Anirugh Tagat,When Celebrities Speak: A Nationwide Twitter Experiment Promoting Vaccination In Indonesia,,,,,,,,,,,,,,,,,,,,,,,,,,,,,90,,100,4,85,5,80,80,85,100,,,,,,,,,,,,,,,,https://web.stanford.edu/~arungc/ACMOP.pdf,https://doi.org/10.1093/ej/uead102,Global health; “Health & well-being in low-income countries”
Anonymous_14,When Celebrities Speak: A Nationwide Twitter Experiment Promoting Vaccination In Indonesia,,,,,,,,,,,,,,,,,,,,,,,,,,,,,55,,70,3,70,3,55,45,62,55,,,,,,,,,,,,,,,,https://web.stanford.edu/~arungc/ACMOP.pdf,https://doi.org/10.1093/ej/uead102,Global health; “Health & well-being in low-income countries”
Evaluator 1,"When do ""Nudges"" Increase Welfare?",academic,,,,,,,,,,,,,,,,,,,,,,,,,,,,,,,,,,,,,,,,,,,,,,,,,When do “Nudges” Increase Welfare?,"50_published evaluations (on PubPub, by Unjournal)",2025-06-12T12:29:36.026-04:00,,,,
Evaluator 2,"When do ""Nudges"" Increase Welfare?",academic,,,,,,,,,,,,,,,,,,,,,,,,,,,,,,,,,,,,,,,,,,,,,,,,,When do “Nudges” Increase Welfare?,"50_published evaluations (on PubPub, by Unjournal)",2025-06-12T12:29:32.156-04:00,,,,
Anon. evaluator 1,When do “Nudges” Increase Welfare?,,,,,,,,,,,,,,,,,,10,,10,3.5,75,4,50,90,70,10,,15,,15,4,85,4,80,95,85,15,,20,,20,4.2,90,5.0,90,100,95,20,,,,,https://www.nber.org/papers/w30740,doi.org/10.3386/w30740,"Other: Economics/welfare, growth, policy, global markets and population"
Anon. evaluator 2 1,When do “Nudges” Increase Welfare?,,,,,,,,,,,,,,,,,,45,,1,4,66,3.3,66,93,76,17,,50,,10,4.4,70,3.7,75,97,86,24,,55,,20,4.9,74,4.1,84,100,96,32,,,,,https://www.nber.org/papers/w30740,doi.org/10.3386/w30740,"Other: Economics/welfare, growth, policy, global markets and population"
Evaluator 1,Willful Ignorance and Moral Behavior,academic,"I have been working on animal welfare economics and meat consumption since 2018. So, about 6 years.","I've written 71 referee reports for journals, and a handful of reports for funding agencies, and reviewed about a hundred applications for recruitment committees.",,,,,,,,,,,,,,,,,,,,,,,,,,,,,,,,,,,,,,,,,,,,,,,Willful Ignorance and Moral Behavior,"50_published evaluations (on PubPub, by Unjournal)",2025-06-11T11:46:07.440-04:00,,https://papers.ssrn.com/sol3/papers.cfm?abstract_id=3938994,https://dx.doi.org/10.2139/ssrn.3938994,Markets for products with large externalities (focus: animal agriculture)
Evaluator 2,Willful Ignorance and Moral Behavior,academic,10-15 years,In the vicinity of 100,,,,,,,,,,,,,,,,,,,,,,,,,,,,,,,,,,,,,,,,,,,,,,,Willful Ignorance and Moral Behavior,"50_published evaluations (on PubPub, by Unjournal)",2025-06-11T11:33:22.317-04:00,,https://papers.ssrn.com/sol3/papers.cfm?abstract_id=3938994,https://dx.doi.org/10.2139/ssrn.3938994,Markets for products with large externalities (focus: animal agriculture)
Joshua Tasoff,Willful Ignorance and Moral Behavior,,,,,,,,,,,,,,,,,,33,,33,,33,,20,33,75,33,,75,,75,,75,,60,75,90,75,,92,,92,,92,,80,92,96,92,,,,,https://papers.ssrn.com/sol3/papers.cfm?abstract_id=3938994,https://dx.doi.org/10.2139/ssrn.3938994,Markets for products with large externalities (focus: animal agriculture)
Romain Espinosa,Willful Ignorance and Moral Behavior,,,,,,,,,,,,,,,,,,80,,100,,80,,80,50,83,85,,85,,100,,85,,85,50,88,90,,90,,100,,90,,90,50,93,95,,,,,https://papers.ssrn.com/sol3/papers.cfm?abstract_id=3938994,https://dx.doi.org/10.2139/ssrn.3938994,Markets for products with large externalities (focus: animal agriculture)
Evaluator 1,"Yellow Vests, Pessimistic Beliefs, and Carbon Tax Aversion",academic,yes,,"About 3 hours, but I had presented this paper in a reading group before - overall it took me about two days of work, reading the paper, working on the presentation and then writing my evaluation",,,,,,,,,,,,,,,,,,,,,,,,,,,,,,,,,,,,,,,,,,,,,,,,2025-04-10T10:56:33.320-04:00,16,,,
Evaluator 1,"Zero-Sum Thinking, the Evolution of Effort-Suppressing Beliefs, and Economic Development",academic,10 years.,15,,,,,,,,,,,,,,,,,,,70,,10,70,,,,,,,,80,,21,78,,,,,,,,90,,33,85,,,"Zero-Sum Thinking, the Evolution of Effort-Suppressing Beliefs, and Economic Development","50_published evaluations (on PubPub, by Unjournal)",2025-05-30T11:26:22.097-04:00,,https://www.nber.org/papers/w31663,doi.org/10.3386/w31663,Economic development & governance (LMICs)
Evaluator 2,"Zero-Sum Thinking, the Evolution of Effort-Suppressing Beliefs, and Economic Development",academic,About 10 years.,>10,,,,,,,,,,,,,,,15,,40,,60,,15,70,30,40,,25,,50,,70,,25,80,40,50,,35,,60,,79,,35,90,50,60,"Zero-Sum Thinking, the Evolution of Effort-Suppressing Beliefs, and Economic Development","50_published evaluations (on PubPub, by Unjournal)",2025-05-30T11:18:18.461-04:00,,https://www.nber.org/papers/w31663,doi.org/10.3386/w31663,Economic development & governance (LMICs)
