research,evaluator,criteria,middle_rating,lower_CI,upper_CI,confidence_level,row_created_date
A Review of Givewell’s Discount Rate,Evaluator 1,claims,0.0,0.0,0.0,,2025-12-29T17:15:13
A Review of Givewell’s Discount Rate,Evaluator 1,overall,5.0,0.0,8.0,,2025-12-29T17:15:13
A review of GiveWell’s discount rate,Evaluator 1,adv_knowledge,43.0,36.0,51.0,,2025-12-29T17:15:13
A review of GiveWell’s discount rate,Evaluator 1,claims,89.0,82.0,100.0,,2025-12-29T17:15:13
A review of GiveWell’s discount rate,Evaluator 1,gp_relevance,100.0,100.0,100.0,,2025-12-29T17:15:13
A review of GiveWell’s discount rate,Evaluator 1,logic_comms,96.0,91.0,100.0,,2025-12-29T17:15:13
A review of GiveWell’s discount rate,Evaluator 1,methods,90.0,79.0,100.0,,2025-12-29T17:15:13
A review of GiveWell’s discount rate,Evaluator 1,open_sci,100.0,100.0,100.0,,2025-12-29T17:15:13
A review of GiveWell’s discount rate,Evaluator 1,overall,90.0,80.0,100.0,,2025-12-29T17:15:13
A review of GiveWell’s discount rate,Evaluator 1,real_world,100.0,100.0,100.0,,2025-12-29T17:15:13
"A systematic review and meta-analysis of social safety nets, women’s economic achievements and agency",Rachel Sabates-Wheeler,adv_knowledge,72.0,68.0,77.0,,2025-12-29T17:15:13
"A systematic review and meta-analysis of social safety nets, women’s economic achievements and agency",Rachel Sabates-Wheeler,claims,81.0,74.0,85.0,,2025-12-29T17:15:13
"A systematic review and meta-analysis of social safety nets, women’s economic achievements and agency",Rachel Sabates-Wheeler,gp_relevance,68.0,57.0,72.0,,2025-12-29T17:15:13
"A systematic review and meta-analysis of social safety nets, women’s economic achievements and agency",Rachel Sabates-Wheeler,journal_predict,3.7,3.4,3.8,,2025-12-29T17:15:13
"A systematic review and meta-analysis of social safety nets, women’s economic achievements and agency",Rachel Sabates-Wheeler,logic_comms,83.0,80.0,86.0,,2025-12-29T17:15:13
"A systematic review and meta-analysis of social safety nets, women’s economic achievements and agency",Rachel Sabates-Wheeler,merits_journal,3.6,3.3,4.5,,2025-12-29T17:15:13
"A systematic review and meta-analysis of social safety nets, women’s economic achievements and agency",Rachel Sabates-Wheeler,methods,82.0,76.0,90.0,,2025-12-29T17:15:13
"A systematic review and meta-analysis of social safety nets, women’s economic achievements and agency",Rachel Sabates-Wheeler,open_sci,91.0,85.0,94.0,,2025-12-29T17:15:13
"A systematic review and meta-analysis of social safety nets, women’s economic achievements and agency",Rachel Sabates-Wheeler,overall,77.0,71.0,80.0,,2025-12-29T17:15:13
"A systematic review and meta-analysis of social safety nets, women’s economic achievements and agency",Rachel Sabates-Wheeler,real_world,68.0,57.0,72.0,,2025-12-29T17:15:13
Adaptability and the Pivot Penalty in Science and Technology,Evaluator 1,adv_knowledge,85.0,78.0,92.0,,2025-12-29T17:15:13
Adaptability and the Pivot Penalty in Science and Technology,Evaluator 1,claims,82.0,74.0,90.0,,2025-12-29T17:15:13
Adaptability and the Pivot Penalty in Science and Technology,Evaluator 1,gp_relevance,80.0,70.0,90.0,,2025-12-29T17:15:13
Adaptability and the Pivot Penalty in Science and Technology,Evaluator 1,journal_predict,4.5,4.0,5.0,,2025-12-29T17:15:13
Adaptability and the Pivot Penalty in Science and Technology,Evaluator 1,logic_comms,80.0,71.0,89.0,,2025-12-29T17:15:13
Adaptability and the Pivot Penalty in Science and Technology,Evaluator 1,merits_journal,4.5,4.0,5.0,,2025-12-29T17:15:13
Adaptability and the Pivot Penalty in Science and Technology,Evaluator 1,methods,85.0,78.0,92.0,,2025-12-29T17:15:13
Adaptability and the Pivot Penalty in Science and Technology,Evaluator 1,open_sci,90.0,85.0,95.0,,2025-12-29T17:15:13
Adaptability and the Pivot Penalty in Science and Technology,Evaluator 1,overall,80.0,70.0,90.0,,2025-12-29T17:15:13
Adaptability and the Pivot Penalty in Science and Technology,Evaluator 1,real_world,80.0,70.0,90.0,,2025-12-29T17:15:13
Adjusting for Scale-Use Heterogeneity in Self-Reported Well-Being,Alberto Prati,adv_knowledge,95.0,90.0,100.0,,2025-12-29T17:15:13
Adjusting for Scale-Use Heterogeneity in Self-Reported Well-Being,Alberto Prati,claims,95.0,90.0,100.0,,2025-12-29T17:15:13
Adjusting for Scale-Use Heterogeneity in Self-Reported Well-Being,Alberto Prati,gp_relevance,86.0,74.0,95.0,,2025-12-29T17:15:13
Adjusting for Scale-Use Heterogeneity in Self-Reported Well-Being,Alberto Prati,journal_predict,4.8,4.5,5.0,,2025-12-29T17:15:13
Adjusting for Scale-Use Heterogeneity in Self-Reported Well-Being,Alberto Prati,logic_comms,95.0,89.0,100.0,,2025-12-29T17:15:13
Adjusting for Scale-Use Heterogeneity in Self-Reported Well-Being,Alberto Prati,merits_journal,5.0,5.0,5.0,,2025-12-29T17:15:13
Adjusting for Scale-Use Heterogeneity in Self-Reported Well-Being,Alberto Prati,methods,95.0,90.0,100.0,,2025-12-29T17:15:13
Adjusting for Scale-Use Heterogeneity in Self-Reported Well-Being,Alberto Prati,open_sci,95.0,90.0,100.0,,2025-12-29T17:15:13
Adjusting for Scale-Use Heterogeneity in Self-Reported Well-Being,Alberto Prati,overall,95.0,90.0,100.0,,2025-12-29T17:15:13
Adjusting for Scale-Use Heterogeneity in Self-Reported Well-Being,Alberto Prati,real_world,86.0,74.0,95.0,,2025-12-29T17:15:13
Adjusting for Scale-Use Heterogeneity in Self-Reported Well-Being,Caspar Kaiser,adv_knowledge,90.0,80.0,100.0,,2025-12-29T17:15:13
Adjusting for Scale-Use Heterogeneity in Self-Reported Well-Being,Caspar Kaiser,claims,80.0,70.0,90.0,,2025-12-29T17:15:13
Adjusting for Scale-Use Heterogeneity in Self-Reported Well-Being,Caspar Kaiser,gp_relevance,0.0,0.0,,,2025-12-29T17:15:13
Adjusting for Scale-Use Heterogeneity in Self-Reported Well-Being,Caspar Kaiser,journal_predict,4.0,4.4,5.0,,2025-12-29T17:15:13
Adjusting for Scale-Use Heterogeneity in Self-Reported Well-Being,Caspar Kaiser,logic_comms,75.0,60.0,90.0,,2025-12-29T17:15:13
Adjusting for Scale-Use Heterogeneity in Self-Reported Well-Being,Caspar Kaiser,merits_journal,4.1,4.7,5.0,,2025-12-29T17:15:13
Adjusting for Scale-Use Heterogeneity in Self-Reported Well-Being,Caspar Kaiser,methods,90.0,80.0,100.0,,2025-12-29T17:15:13
Adjusting for Scale-Use Heterogeneity in Self-Reported Well-Being,Caspar Kaiser,open_sci,85.0,70.0,90.0,,2025-12-29T17:15:13
Adjusting for Scale-Use Heterogeneity in Self-Reported Well-Being,Caspar Kaiser,overall,95.0,80.0,100.0,,2025-12-29T17:15:13
Adjusting for Scale-Use Heterogeneity in Self-Reported Well-Being,Caspar Kaiser,real_world,0.0,0.0,,,2025-12-29T17:15:13
Artificial Intelligence and Economic Growth,Philip Trammell,adv_knowledge,97.0,80.0,100.0,,2025-12-29T17:15:13
Artificial Intelligence and Economic Growth,Philip Trammell,gp_relevance,92.0,80.0,100.0,,2025-12-29T17:15:13
Artificial Intelligence and Economic Growth,Philip Trammell,logic_comms,45.0,30.0,70.0,,2025-12-29T17:15:13
Artificial Intelligence and Economic Growth,Philip Trammell,merits_journal,5.0,,,,2025-12-29T17:15:13
Artificial Intelligence and Economic Growth,Philip Trammell,methods,70.0,40.0,90.0,,2025-12-29T17:15:13
Artificial Intelligence and Economic Growth,Philip Trammell,open_sci,80.0,,,,2025-12-29T17:15:13
Artificial Intelligence and Economic Growth,Philip Trammell,overall,92.0,80.0,100.0,,2025-12-29T17:15:13
Artificial Intelligence and Economic Growth,Philip Trammell,real_world,92.0,80.0,100.0,,2025-12-29T17:15:13
Banning wildlife trade can boost demand for unregulated threatened species,Evaluator 2,adv_knowledge,70.0,,,,2025-12-29T17:15:13
Banning wildlife trade can boost demand for unregulated threatened species,Evaluator 2,gp_relevance,90.0,,,,2025-12-29T17:15:13
Banning wildlife trade can boost demand for unregulated threatened species,Evaluator 2,journal_predict,3.0,,,,2025-12-29T17:15:13
Banning wildlife trade can boost demand for unregulated threatened species,Evaluator 2,logic_comms,70.0,,,,2025-12-29T17:15:13
Banning wildlife trade can boost demand for unregulated threatened species,Evaluator 2,merits_journal,3.0,,,,2025-12-29T17:15:13
Banning wildlife trade can boost demand for unregulated threatened species,Evaluator 2,methods,80.0,,,,2025-12-29T17:15:13
Banning wildlife trade can boost demand for unregulated threatened species,Evaluator 2,open_sci,70.0,,,,2025-12-29T17:15:13
Banning wildlife trade can boost demand for unregulated threatened species,Evaluator 2,overall,75.0,,,,2025-12-29T17:15:13
Banning wildlife trade can boost demand for unregulated threatened species,Evaluator 2,real_world,90.0,,,,2025-12-29T17:15:13
Banning wildlife trade can boost demand for unregulated threatened species,Jia Huan Liew,adv_knowledge,80.0,,,,2025-12-29T17:15:13
Banning wildlife trade can boost demand for unregulated threatened species,Jia Huan Liew,gp_relevance,90.0,,,,2025-12-29T17:15:13
Banning wildlife trade can boost demand for unregulated threatened species,Jia Huan Liew,journal_predict,2.5,,,,2025-12-29T17:15:13
Banning wildlife trade can boost demand for unregulated threatened species,Jia Huan Liew,logic_comms,70.0,,,,2025-12-29T17:15:13
Banning wildlife trade can boost demand for unregulated threatened species,Jia Huan Liew,merits_journal,3.0,,,,2025-12-29T17:15:13
Banning wildlife trade can boost demand for unregulated threatened species,Jia Huan Liew,methods,50.0,,,,2025-12-29T17:15:13
Banning wildlife trade can boost demand for unregulated threatened species,Jia Huan Liew,open_sci,50.0,,,,2025-12-29T17:15:13
Banning wildlife trade can boost demand for unregulated threatened species,Jia Huan Liew,overall,75.0,,,,2025-12-29T17:15:13
Banning wildlife trade can boost demand for unregulated threatened species,Jia Huan Liew,real_world,90.0,,,,2025-12-29T17:15:13
Biodiversity Risk,Evaluator 1,adv_knowledge,70.0,60.0,80.0,,2025-12-29T17:15:13
Biodiversity Risk,Evaluator 1,claims,0.0,0.0,0.0,,2025-12-29T17:15:13
Biodiversity Risk,Evaluator 1,gp_relevance,71.0,59.0,80.0,,2025-12-29T17:15:13
Biodiversity Risk,Evaluator 1,journal_predict,4.5,4.0,5.0,,2025-12-29T17:15:13
Biodiversity Risk,Evaluator 1,logic_comms,81.0,70.0,91.0,,2025-12-29T17:15:13
Biodiversity Risk,Evaluator 1,merits_journal,4.0,3.5,4.5,,2025-12-29T17:15:13
Biodiversity Risk,Evaluator 1,methods,70.0,60.0,85.0,,2025-12-29T17:15:13
Biodiversity Risk,Evaluator 1,open_sci,90.0,70.0,100.0,,2025-12-29T17:15:13
Biodiversity Risk,Evaluator 1,overall,65.0,50.0,80.0,,2025-12-29T17:15:13
Biodiversity Risk,Evaluator 1,real_world,71.0,59.0,80.0,,2025-12-29T17:15:13
Biodiversity Risk,Evaluator 2,adv_knowledge,45.0,39.0,50.0,,2025-12-29T17:15:13
Biodiversity Risk,Evaluator 2,gp_relevance,63.0,55.0,70.0,,2025-12-29T17:15:13
Biodiversity Risk,Evaluator 2,journal_predict,4.4,3.3,5.0,,2025-12-29T17:15:13
Biodiversity Risk,Evaluator 2,logic_comms,68.0,60.0,75.0,,2025-12-29T17:15:13
Biodiversity Risk,Evaluator 2,merits_journal,3.5,3.1,4.0,,2025-12-29T17:15:13
Biodiversity Risk,Evaluator 2,methods,45.0,40.0,50.0,,2025-12-29T17:15:13
Biodiversity Risk,Evaluator 2,open_sci,90.0,80.0,100.0,,2025-12-29T17:15:13
Biodiversity Risk,Evaluator 2,overall,61.0,51.0,72.0,,2025-12-29T17:15:13
Biodiversity Risk,Evaluator 2,real_world,63.0,55.0,70.0,,2025-12-29T17:15:13
Building Resilient Education Systems: Evidence from Large-Scale Randomized Trials in Five Countries,Anon  1,adv_knowledge,95.0,90.0,100.0,,2025-12-29T17:15:13
Building Resilient Education Systems: Evidence from Large-Scale Randomized Trials in Five Countries,Anon  1,gp_relevance,95.0,90.0,100.0,,2025-12-29T17:15:13
Building Resilient Education Systems: Evidence from Large-Scale Randomized Trials in Five Countries,Anon  1,journal_predict,4.5,4.0,4.8,,2025-12-29T17:15:13
Building Resilient Education Systems: Evidence from Large-Scale Randomized Trials in Five Countries,Anon  1,logic_comms,84.0,75.0,90.0,,2025-12-29T17:15:13
Building Resilient Education Systems: Evidence from Large-Scale Randomized Trials in Five Countries,Anon  1,merits_journal,4.3,3.7,4.8,,2025-12-29T17:15:13
Building Resilient Education Systems: Evidence from Large-Scale Randomized Trials in Five Countries,Anon  1,methods,85.0,80.0,90.0,,2025-12-29T17:15:13
Building Resilient Education Systems: Evidence from Large-Scale Randomized Trials in Five Countries,Anon  1,open_sci,75.0,60.0,90.0,,2025-12-29T17:15:13
Building Resilient Education Systems: Evidence from Large-Scale Randomized Trials in Five Countries,Anon  1,overall,90.0,,95.0,,2025-12-29T17:15:13
Building Resilient Education Systems: Evidence from Large-Scale Randomized Trials in Five Countries,Anon  1,real_world,95.0,90.0,100.0,,2025-12-29T17:15:13
Choose Your Moments: NIH Peer Review and Scientific Risk Taking,B. Ian Hutchins,adv_knowledge,80.0,75.0,90.0,,2025-12-29T17:15:13
Choose Your Moments: NIH Peer Review and Scientific Risk Taking,B. Ian Hutchins,claims,75.0,60.0,80.0,,2025-12-29T17:15:13
Choose Your Moments: NIH Peer Review and Scientific Risk Taking,B. Ian Hutchins,gp_relevance,80.0,75.0,89.0,,2025-12-29T17:15:13
Choose Your Moments: NIH Peer Review and Scientific Risk Taking,B. Ian Hutchins,journal_predict,3.5,2.5,4.0,,2025-12-29T17:15:13
Choose Your Moments: NIH Peer Review and Scientific Risk Taking,B. Ian Hutchins,logic_comms,45.0,35.0,55.0,,2025-12-29T17:15:13
Choose Your Moments: NIH Peer Review and Scientific Risk Taking,B. Ian Hutchins,merits_journal,4.0,2.5,4.5,,2025-12-29T17:15:13
Choose Your Moments: NIH Peer Review and Scientific Risk Taking,B. Ian Hutchins,methods,60.0,50.0,70.0,,2025-12-29T17:15:13
Choose Your Moments: NIH Peer Review and Scientific Risk Taking,B. Ian Hutchins,open_sci,30.0,15.0,45.0,,2025-12-29T17:15:13
Choose Your Moments: NIH Peer Review and Scientific Risk Taking,B. Ian Hutchins,overall,75.0,60.0,80.0,,2025-12-29T17:15:13
Choose Your Moments: NIH Peer Review and Scientific Risk Taking,B. Ian Hutchins,real_world,80.0,75.0,89.0,,2025-12-29T17:15:13
Choose Your Moments: NIH Peer Review and Scientific Risk Taking,James M. Zumel Dumlao,adv_knowledge,72.0,66.0,84.0,,2025-12-29T17:15:13
Choose Your Moments: NIH Peer Review and Scientific Risk Taking,James M. Zumel Dumlao,claims,56.0,45.0,61.0,,2025-12-29T17:15:13
Choose Your Moments: NIH Peer Review and Scientific Risk Taking,James M. Zumel Dumlao,gp_relevance,50.0,40.0,60.0,,2025-12-29T17:15:13
Choose Your Moments: NIH Peer Review and Scientific Risk Taking,James M. Zumel Dumlao,journal_predict,3.9,3.5,4.3,,2025-12-29T17:15:13
Choose Your Moments: NIH Peer Review and Scientific Risk Taking,James M. Zumel Dumlao,logic_comms,55.0,45.0,70.0,,2025-12-29T17:15:13
Choose Your Moments: NIH Peer Review and Scientific Risk Taking,James M. Zumel Dumlao,merits_journal,3.8,3.0,4.1,,2025-12-29T17:15:13
Choose Your Moments: NIH Peer Review and Scientific Risk Taking,James M. Zumel Dumlao,methods,76.0,68.0,85.0,,2025-12-29T17:15:13
Choose Your Moments: NIH Peer Review and Scientific Risk Taking,James M. Zumel Dumlao,open_sci,65.0,50.0,79.0,,2025-12-29T17:15:13
Choose Your Moments: NIH Peer Review and Scientific Risk Taking,James M. Zumel Dumlao,overall,70.0,50.0,80.0,,2025-12-29T17:15:13
Choose Your Moments: NIH Peer Review and Scientific Risk Taking,James M. Zumel Dumlao,real_world,50.0,40.0,60.0,,2025-12-29T17:15:13
Deadweight Losses or Gains from In-kind Transfers: Experimental Evidence,Evaluator 1,adv_knowledge,45.0,35.0,50.0,,2025-12-29T17:15:13
Deadweight Losses or Gains from In-kind Transfers: Experimental Evidence,Evaluator 1,claims,55.0,50.0,65.0,,2025-12-29T17:15:13
Deadweight Losses or Gains from In-kind Transfers: Experimental Evidence,Evaluator 1,gp_relevance,55.0,45.0,65.0,,2025-12-29T17:15:13
Deadweight Losses or Gains from In-kind Transfers: Experimental Evidence,Evaluator 1,journal_predict,3.2,2.8,3.4,,2025-12-29T17:15:13
Deadweight Losses or Gains from In-kind Transfers: Experimental Evidence,Evaluator 1,logic_comms,65.0,50.0,75.0,,2025-12-29T17:15:13
Deadweight Losses or Gains from In-kind Transfers: Experimental Evidence,Evaluator 1,merits_journal,3.0,2.0,4.0,,2025-12-29T17:15:13
Deadweight Losses or Gains from In-kind Transfers: Experimental Evidence,Evaluator 1,methods,50.0,45.0,55.0,,2025-12-29T17:15:13
Deadweight Losses or Gains from In-kind Transfers: Experimental Evidence,Evaluator 1,open_sci,55.0,45.0,65.0,,2025-12-29T17:15:13
Deadweight Losses or Gains from In-kind Transfers: Experimental Evidence,Evaluator 1,overall,65.0,55.0,75.0,,2025-12-29T17:15:13
Deadweight Losses or Gains from In-kind Transfers: Experimental Evidence,Evaluator 1,real_world,55.0,45.0,65.0,,2025-12-29T17:15:13
Do Celebrity Endorsements Matter? A Twitter Experiment Promoting Vaccination In Indonesia,Anirudh Tagat,adv_knowledge,90.0,,,,2025-12-29T17:15:13
Do Celebrity Endorsements Matter? A Twitter Experiment Promoting Vaccination In Indonesia,Anirudh Tagat,gp_relevance,100.0,,,,2025-12-29T17:15:13
Do Celebrity Endorsements Matter? A Twitter Experiment Promoting Vaccination In Indonesia,Anirudh Tagat,journal_predict,4.0,,,,2025-12-29T17:15:13
Do Celebrity Endorsements Matter? A Twitter Experiment Promoting Vaccination In Indonesia,Anirudh Tagat,logic_comms,85.0,,,,2025-12-29T17:15:13
Do Celebrity Endorsements Matter? A Twitter Experiment Promoting Vaccination In Indonesia,Anirudh Tagat,merits_journal,5.0,,,,2025-12-29T17:15:13
Do Celebrity Endorsements Matter? A Twitter Experiment Promoting Vaccination In Indonesia,Anirudh Tagat,methods,80.0,,,,2025-12-29T17:15:13
Do Celebrity Endorsements Matter? A Twitter Experiment Promoting Vaccination In Indonesia,Anirudh Tagat,open_sci,80.0,,,,2025-12-29T17:15:13
Do Celebrity Endorsements Matter? A Twitter Experiment Promoting Vaccination In Indonesia,Anirudh Tagat,overall,85.0,,,,2025-12-29T17:15:13
Do Celebrity Endorsements Matter? A Twitter Experiment Promoting Vaccination In Indonesia,Anirudh Tagat,real_world,100.0,,,,2025-12-29T17:15:13
Do Celebrity Endorsements Matter? A Twitter Experiment Promoting Vaccination In Indonesia,Evaluator 1,adv_knowledge,55.0,,,,2025-12-29T17:15:13
Do Celebrity Endorsements Matter? A Twitter Experiment Promoting Vaccination In Indonesia,Evaluator 1,gp_relevance,55.0,,,,2025-12-29T17:15:13
Do Celebrity Endorsements Matter? A Twitter Experiment Promoting Vaccination In Indonesia,Evaluator 1,journal_predict,3.0,,,,2025-12-29T17:15:13
Do Celebrity Endorsements Matter? A Twitter Experiment Promoting Vaccination In Indonesia,Evaluator 1,logic_comms,70.0,,,,2025-12-29T17:15:13
Do Celebrity Endorsements Matter? A Twitter Experiment Promoting Vaccination In Indonesia,Evaluator 1,merits_journal,3.0,,,,2025-12-29T17:15:13
Do Celebrity Endorsements Matter? A Twitter Experiment Promoting Vaccination In Indonesia,Evaluator 1,methods,55.0,,,,2025-12-29T17:15:13
Do Celebrity Endorsements Matter? A Twitter Experiment Promoting Vaccination In Indonesia,Evaluator 1,open_sci,45.0,,,,2025-12-29T17:15:13
Do Celebrity Endorsements Matter? A Twitter Experiment Promoting Vaccination In Indonesia,Evaluator 1,overall,62.0,,,,2025-12-29T17:15:13
Do Celebrity Endorsements Matter? A Twitter Experiment Promoting Vaccination In Indonesia,Evaluator 1,real_world,55.0,,,,2025-12-29T17:15:13
Does Conservation Work in General Equilibrium,Evaluator 1,adv_knowledge,80.0,75.0,85.0,,2025-12-29T17:15:13
Does Conservation Work in General Equilibrium,Evaluator 1,gp_relevance,70.0,65.0,75.0,,2025-12-29T17:15:13
Does Conservation Work in General Equilibrium,Evaluator 1,journal_predict,4.0,3.6,4.4,,2025-12-29T17:15:13
Does Conservation Work in General Equilibrium,Evaluator 1,logic_comms,65.0,60.0,70.0,,2025-12-29T17:15:13
Does Conservation Work in General Equilibrium,Evaluator 1,merits_journal,4.0,3.8,4.2,,2025-12-29T17:15:13
Does Conservation Work in General Equilibrium,Evaluator 1,methods,70.0,60.0,80.0,,2025-12-29T17:15:13
Does Conservation Work in General Equilibrium,Evaluator 1,open_sci,65.0,60.0,70.0,,2025-12-29T17:15:13
Does Conservation Work in General Equilibrium,Evaluator 1,overall,70.0,60.0,80.0,,2025-12-29T17:15:13
Does Conservation Work in General Equilibrium,Evaluator 1,real_world,70.0,65.0,75.0,,2025-12-29T17:15:13
Does Online Fundraising Increase Charitable Giving? A Nationwide Field Experiment on Facebook,Tabaré Capitán,adv_knowledge,90.0,80.0,95.0,,2025-12-29T17:15:13
Does Online Fundraising Increase Charitable Giving? A Nationwide Field Experiment on Facebook,Tabaré Capitán,claims,85.0,80.0,90.0,,2025-12-29T17:15:13
Does Online Fundraising Increase Charitable Giving? A Nationwide Field Experiment on Facebook,Tabaré Capitán,logic_comms,92.0,90.0,95.0,,2025-12-29T17:15:13
Does Online Fundraising Increase Charitable Giving? A Nationwide Field Experiment on Facebook,Tabaré Capitán,merits_journal,4.8,4.6,5.0,,2025-12-29T17:15:13
Does Online Fundraising Increase Charitable Giving? A Nationwide Field Experiment on Facebook,Tabaré Capitán,methods,97.0,95.0,99.0,,2025-12-29T17:15:13
Does Online Fundraising Increase Charitable Giving? A Nationwide Field Experiment on Facebook,Tabaré Capitán,open_sci,97.0,93.0,100.0,,2025-12-29T17:15:13
Does Online Fundraising Increase Charitable Giving? A Nationwide Field Experiment on Facebook,Tabaré Capitán,overall,92.0,85.0,95.0,,2025-12-29T17:15:13
Does online fundraising increase charitable giving? A nationwide field experiment on Facebook,David Reiley,adv_knowledge,90.0,80.0,95.0,,2025-12-29T17:15:13
Does online fundraising increase charitable giving? A nationwide field experiment on Facebook,David Reiley,claims,85.0,80.0,90.0,,2025-12-29T17:15:13
Does online fundraising increase charitable giving? A nationwide field experiment on Facebook,David Reiley,gp_relevance,90.0,80.0,94.0,,2025-12-29T17:15:13
Does online fundraising increase charitable giving? A nationwide field experiment on Facebook,David Reiley,logic_comms,93.0,90.0,98.0,,2025-12-29T17:15:13
Does online fundraising increase charitable giving? A nationwide field experiment on Facebook,David Reiley,merits_journal,4.5,3.9,4.7,,2025-12-29T17:15:13
Does online fundraising increase charitable giving? A nationwide field experiment on Facebook,David Reiley,methods,90.0,85.0,94.0,,2025-12-29T17:15:13
Does online fundraising increase charitable giving? A nationwide field experiment on Facebook,David Reiley,open_sci,92.0,88.0,95.0,,2025-12-29T17:15:13
Does online fundraising increase charitable giving? A nationwide field experiment on Facebook,David Reiley,overall,90.0,85.0,95.0,,2025-12-29T17:15:13
Does online fundraising increase charitable giving? A nationwide field experiment on Facebook,David Reiley,real_world,90.0,80.0,94.0,,2025-12-29T17:15:13
Does the Squeaky Wheel Get More Grease? The Direct and Indirect Effects of Citizen Participation on Environmental Governance in China,Evaluator 2,adv_knowledge,76.0,68.0,83.0,,2025-12-29T17:15:13
Does the Squeaky Wheel Get More Grease? The Direct and Indirect Effects of Citizen Participation on Environmental Governance in China,Evaluator 2,gp_relevance,91.0,78.0,94.0,,2025-12-29T17:15:13
Does the Squeaky Wheel Get More Grease? The Direct and Indirect Effects of Citizen Participation on Environmental Governance in China,Evaluator 2,journal_predict,4.6,3.5,5.0,,2025-12-29T17:15:13
Does the Squeaky Wheel Get More Grease? The Direct and Indirect Effects of Citizen Participation on Environmental Governance in China,Evaluator 2,logic_comms,67.0,62.0,78.0,,2025-12-29T17:15:13
Does the Squeaky Wheel Get More Grease? The Direct and Indirect Effects of Citizen Participation on Environmental Governance in China,Evaluator 2,merits_journal,4.3,3.7,4.8,,2025-12-29T17:15:13
Does the Squeaky Wheel Get More Grease? The Direct and Indirect Effects of Citizen Participation on Environmental Governance in China,Evaluator 2,methods,72.0,63.0,81.0,,2025-12-29T17:15:13
Does the Squeaky Wheel Get More Grease? The Direct and Indirect Effects of Citizen Participation on Environmental Governance in China,Evaluator 2,open_sci,48.0,42.0,68.0,,2025-12-29T17:15:13
Does the Squeaky Wheel Get More Grease? The Direct and Indirect Effects of Citizen Participation on Environmental Governance in China,Evaluator 2,overall,80.0,71.0,86.0,,2025-12-29T17:15:13
Does the Squeaky Wheel Get More Grease? The Direct and Indirect Effects of Citizen Participation on Environmental Governance in China,Evaluator 2,real_world,91.0,78.0,94.0,,2025-12-29T17:15:13
Economic vs. Epidemiological Approaches to Measuring the Human Capital Impacts of Infectious Disease Elimination,Evaluator 2,adv_knowledge,76.0,64.0,85.0,,2025-12-29T17:15:13
Economic vs. Epidemiological Approaches to Measuring the Human Capital Impacts of Infectious Disease Elimination,Evaluator 2,gp_relevance,95.0,90.0,100.0,,2025-12-29T17:15:13
Economic vs. Epidemiological Approaches to Measuring the Human Capital Impacts of Infectious Disease Elimination,Evaluator 2,journal_predict,3.3,2.6,4.1,,2025-12-29T17:15:13
Economic vs. Epidemiological Approaches to Measuring the Human Capital Impacts of Infectious Disease Elimination,Evaluator 2,logic_comms,91.0,81.0,100.0,,2025-12-29T17:15:13
Economic vs. Epidemiological Approaches to Measuring the Human Capital Impacts of Infectious Disease Elimination,Evaluator 2,merits_journal,3.3,2.6,4.1,,2025-12-29T17:15:13
Economic vs. Epidemiological Approaches to Measuring the Human Capital Impacts of Infectious Disease Elimination,Evaluator 2,methods,77.0,70.0,83.0,,2025-12-29T17:15:13
Economic vs. Epidemiological Approaches to Measuring the Human Capital Impacts of Infectious Disease Elimination,Evaluator 2,open_sci,96.0,92.0,100.0,,2025-12-29T17:15:13
Economic vs. Epidemiological Approaches to Measuring the Human Capital Impacts of Infectious Disease Elimination,Evaluator 2,overall,80.0,65.0,90.0,,2025-12-29T17:15:13
Economic vs. Epidemiological Approaches to Measuring the Human Capital Impacts of Infectious Disease Elimination,Evaluator 2,real_world,95.0,90.0,100.0,,2025-12-29T17:15:13
"Ends versus Means: Kantians, Utilitarians, and Moral Decisions",David Hugh-Jones,adv_knowledge,65.0,50.0,80.0,,2025-12-29T17:15:13
"Ends versus Means: Kantians, Utilitarians, and Moral Decisions",David Hugh-Jones,claims,75.0,60.0,90.0,,2025-12-29T17:15:13
"Ends versus Means: Kantians, Utilitarians, and Moral Decisions",David Hugh-Jones,gp_relevance,50.0,40.0,60.0,,2025-12-29T17:15:13
"Ends versus Means: Kantians, Utilitarians, and Moral Decisions",David Hugh-Jones,journal_predict,4.3,2.5,5.0,,2025-12-29T17:15:13
"Ends versus Means: Kantians, Utilitarians, and Moral Decisions",David Hugh-Jones,logic_comms,65.0,55.0,75.0,,2025-12-29T17:15:13
"Ends versus Means: Kantians, Utilitarians, and Moral Decisions",David Hugh-Jones,merits_journal,4.0,3.5,4.8,,2025-12-29T17:15:13
"Ends versus Means: Kantians, Utilitarians, and Moral Decisions",David Hugh-Jones,methods,70.0,60.0,80.0,,2025-12-29T17:15:13
"Ends versus Means: Kantians, Utilitarians, and Moral Decisions",David Hugh-Jones,open_sci,70.0,50.0,80.0,,2025-12-29T17:15:13
"Ends versus Means: Kantians, Utilitarians, and Moral Decisions",David Hugh-Jones,overall,70.0,45.0,85.0,,2025-12-29T17:15:13
"Ends versus Means: Kantians, Utilitarians, and Moral Decisions",David Hugh-Jones,real_world,50.0,40.0,60.0,,2025-12-29T17:15:13
"Ends versus Means: Kantians, Utilitarians, and Moral Decisions",Valerio Capraro,adv_knowledge,95.0,93.0,97.0,,2025-12-29T17:15:13
"Ends versus Means: Kantians, Utilitarians, and Moral Decisions",Valerio Capraro,claims,80.0,70.0,90.0,,2025-12-29T17:15:13
"Ends versus Means: Kantians, Utilitarians, and Moral Decisions",Valerio Capraro,gp_relevance,85.0,75.0,95.0,,2025-12-29T17:15:13
"Ends versus Means: Kantians, Utilitarians, and Moral Decisions",Valerio Capraro,journal_predict,4.5,4.2,4.8,,2025-12-29T17:15:13
"Ends versus Means: Kantians, Utilitarians, and Moral Decisions",Valerio Capraro,logic_comms,90.0,83.0,97.0,,2025-12-29T17:15:13
"Ends versus Means: Kantians, Utilitarians, and Moral Decisions",Valerio Capraro,merits_journal,4.2,3.7,4.7,,2025-12-29T17:15:13
"Ends versus Means: Kantians, Utilitarians, and Moral Decisions",Valerio Capraro,methods,80.0,70.0,90.0,,2025-12-29T17:15:13
"Ends versus Means: Kantians, Utilitarians, and Moral Decisions",Valerio Capraro,open_sci,95.0,92.0,98.0,,2025-12-29T17:15:13
"Ends versus Means: Kantians, Utilitarians, and Moral Decisions",Valerio Capraro,overall,85.0,75.0,95.0,,2025-12-29T17:15:13
"Ends versus Means: Kantians, Utilitarians, and Moral Decisions",Valerio Capraro,real_world,85.0,75.0,95.0,,2025-12-29T17:15:13
Existential Risk & Growth,Ioannis Bournakis,adv_knowledge,60.0,55.0,65.0,,2025-12-29T17:15:13
Existential Risk & Growth,Ioannis Bournakis,gp_relevance,65.0,60.0,72.0,,2025-12-29T17:15:13
Existential Risk & Growth,Ioannis Bournakis,journal_predict,3.5,3.2,4.1,,2025-12-29T17:15:13
Existential Risk & Growth,Ioannis Bournakis,logic_comms,70.0,65.0,75.0,,2025-12-29T17:15:13
Existential Risk & Growth,Ioannis Bournakis,merits_journal,3.5,3.2,4.0,,2025-12-29T17:15:13
Existential Risk & Growth,Ioannis Bournakis,methods,85.0,80.0,90.0,,2025-12-29T17:15:13
Existential Risk & Growth,Ioannis Bournakis,open_sci,63.0,60.0,70.0,,2025-12-29T17:15:13
Existential Risk & Growth,Ioannis Bournakis,overall,60.0,68.0,70.0,,2025-12-29T17:15:13
Existential Risk & Growth,Ioannis Bournakis,real_world,65.0,60.0,72.0,,2025-12-29T17:15:13
Existential Risk & Growth,Seth G. Benzell,adv_knowledge,80.0,50.0,100.0,,2025-12-29T17:15:13
Existential Risk & Growth,Seth G. Benzell,gp_relevance,80.0,50.0,100.0,,2025-12-29T17:15:13
Existential Risk & Growth,Seth G. Benzell,journal_predict,4.5,3.0,5.0,,2025-12-29T17:15:13
Existential Risk & Growth,Seth G. Benzell,logic_comms,90.0,85.0,95.0,,2025-12-29T17:15:13
Existential Risk & Growth,Seth G. Benzell,merits_journal,4.5,4.2,5.0,,2025-12-29T17:15:13
Existential Risk & Growth,Seth G. Benzell,methods,90.0,75.0,95.0,,2025-12-29T17:15:13
Existential Risk & Growth,Seth G. Benzell,open_sci,95.0,90.0,99.0,,2025-12-29T17:15:13
Existential Risk & Growth,Seth G. Benzell,overall,95.0,80.0,99.0,,2025-12-29T17:15:13
Existential Risk & Growth,Seth G. Benzell,real_world,80.0,50.0,100.0,,2025-12-29T17:15:13
"Forecasting Existential Risks
Evidence from a Long-Run
Forecasting Tournament",Evaluator 1,overall,80.0,,,,2025-12-29T17:15:13
Forecasts estimate limited cultured meat production through 2050,David Manheim,adv_knowledge,92.0,80.0,94.0,,2025-12-29T17:15:13
Forecasts estimate limited cultured meat production through 2050,David Manheim,claims,50.0,40.0,85.0,,2025-12-29T17:15:13
Forecasts estimate limited cultured meat production through 2050,David Manheim,gp_relevance,95.0,87.0,99.0,,2025-12-29T17:15:13
Forecasts estimate limited cultured meat production through 2050,David Manheim,logic_comms,50.0,43.0,67.0,,2025-12-29T17:15:13
Forecasts estimate limited cultured meat production through 2050,David Manheim,methods,84.0,80.0,94.0,,2025-12-29T17:15:13
Forecasts estimate limited cultured meat production through 2050,David Manheim,open_sci,92.0,84.0,98.0,,2025-12-29T17:15:13
Forecasts estimate limited cultured meat production through 2050,David Manheim,overall,85.0,60.0,91.0,,2025-12-29T17:15:13
Forecasts estimate limited cultured meat production through 2050,David Manheim,real_world,95.0,87.0,99.0,,2025-12-29T17:15:13
Forecasts estimate limited cultured meat production through 2050,Estere Seinkmane,overall,70.0,60.0,80.0,,2025-12-29T17:15:13
Global potential for natural regeneration in deforested tropical regions,Cannon Cloud,adv_knowledge,50.0,40.0,90.0,,2025-12-29T17:15:13
Global potential for natural regeneration in deforested tropical regions,Cannon Cloud,claims,40.0,20.0,60.0,,2025-12-29T17:15:13
Global potential for natural regeneration in deforested tropical regions,Cannon Cloud,gp_relevance,60.0,50.0,70.0,,2025-12-29T17:15:13
Global potential for natural regeneration in deforested tropical regions,Cannon Cloud,journal_predict,5.0,5.0,5.0,,2025-12-29T17:15:13
Global potential for natural regeneration in deforested tropical regions,Cannon Cloud,logic_comms,65.0,50.0,80.0,,2025-12-29T17:15:13
Global potential for natural regeneration in deforested tropical regions,Cannon Cloud,merits_journal,4.5,3.5,5.0,,2025-12-29T17:15:13
Global potential for natural regeneration in deforested tropical regions,Cannon Cloud,methods,30.0,10.0,50.0,,2025-12-29T17:15:13
Global potential for natural regeneration in deforested tropical regions,Cannon Cloud,open_sci,30.0,15.0,45.0,,2025-12-29T17:15:13
Global potential for natural regeneration in deforested tropical regions,Cannon Cloud,overall,50.0,30.0,80.0,,2025-12-29T17:15:13
Global potential for natural regeneration in deforested tropical regions,Cannon Cloud,real_world,60.0,50.0,70.0,,2025-12-29T17:15:13
How Effective Is (More) Money? Randomizing Unconditional Cash Transfer Amounts in the US,No (but please contact me if other reviewers have publicly identified themselves—I just don’t want to be the only one!),adv_knowledge,70.0,50.0,90.0,,2025-12-29T17:15:13
How Effective Is (More) Money? Randomizing Unconditional Cash Transfer Amounts in the US,No (but please contact me if other reviewers have publicly identified themselves—I just don’t want to be the only one!),claims,85.0,75.0,95.0,,2025-12-29T17:15:13
How Effective Is (More) Money? Randomizing Unconditional Cash Transfer Amounts in the US,No (but please contact me if other reviewers have publicly identified themselves—I just don’t want to be the only one!),gp_relevance,80.0,70.0,89.0,,2025-12-29T17:15:13
How Effective Is (More) Money? Randomizing Unconditional Cash Transfer Amounts in the US,No (but please contact me if other reviewers have publicly identified themselves—I just don’t want to be the only one!),journal_predict,4.200000000000001,3.500000000000003,4.899999999999999,,2025-12-29T17:15:13
How Effective Is (More) Money? Randomizing Unconditional Cash Transfer Amounts in the US,No (but please contact me if other reviewers have publicly identified themselves—I just don’t want to be the only one!),logic_comms,90.0,85.0,95.0,,2025-12-29T17:15:13
How Effective Is (More) Money? Randomizing Unconditional Cash Transfer Amounts in the US,No (but please contact me if other reviewers have publicly identified themselves—I just don’t want to be the only one!),merits_journal,4.2,3.5,4.9,,2025-12-29T17:15:13
How Effective Is (More) Money? Randomizing Unconditional Cash Transfer Amounts in the US,No (but please contact me if other reviewers have publicly identified themselves—I just don’t want to be the only one!),methods,90.0,85.0,95.0,,2025-12-29T17:15:13
How Effective Is (More) Money? Randomizing Unconditional Cash Transfer Amounts in the US,No (but please contact me if other reviewers have publicly identified themselves—I just don’t want to be the only one!),open_sci,90.0,85.0,95.0,,2025-12-29T17:15:13
How Effective Is (More) Money? Randomizing Unconditional Cash Transfer Amounts in the US,No (but please contact me if other reviewers have publicly identified themselves—I just don’t want to be the only one!),overall,80.0,65.0,95.0,,2025-12-29T17:15:13
How Effective Is (More) Money? Randomizing Unconditional Cash Transfer Amounts in the US,No (but please contact me if other reviewers have publicly identified themselves—I just don’t want to be the only one!),real_world,80.0,70.0,89.0,,2025-12-29T17:15:13
How Much Would Reducing Lead Exposure Improve Children’s Learning in the Developing World?,Evaluator 1,adv_knowledge,80.0,65.0,85.0,,2025-12-29T17:15:13
How Much Would Reducing Lead Exposure Improve Children’s Learning in the Developing World?,Evaluator 1,gp_relevance,80.0,73.0,85.0,,2025-12-29T17:15:13
How Much Would Reducing Lead Exposure Improve Children’s Learning in the Developing World?,Evaluator 1,journal_predict,3.0,2.0,3.5,,2025-12-29T17:15:13
How Much Would Reducing Lead Exposure Improve Children’s Learning in the Developing World?,Evaluator 1,logic_comms,66.0,58.0,75.0,,2025-12-29T17:15:13
How Much Would Reducing Lead Exposure Improve Children’s Learning in the Developing World?,Evaluator 1,merits_journal,2.5,2.0,3.0,,2025-12-29T17:15:13
How Much Would Reducing Lead Exposure Improve Children’s Learning in the Developing World?,Evaluator 1,methods,60.0,44.0,82.0,,2025-12-29T17:15:13
How Much Would Reducing Lead Exposure Improve Children’s Learning in the Developing World?,Evaluator 1,open_sci,61.0,52.0,73.0,,2025-12-29T17:15:13
How Much Would Reducing Lead Exposure Improve Children’s Learning in the Developing World?,Evaluator 1,overall,70.0,55.0,74.0,,2025-12-29T17:15:13
How Much Would Reducing Lead Exposure Improve Children’s Learning in the Developing World?,Evaluator 1,real_world,80.0,73.0,85.0,,2025-12-29T17:15:13
How Much Would Reducing Lead Exposure Improve Children’s Learning in the Developing World?,Evaluator 2,adv_knowledge,70.0,65.0,75.0,,2025-12-29T17:15:13
How Much Would Reducing Lead Exposure Improve Children’s Learning in the Developing World?,Evaluator 2,gp_relevance,70.0,65.0,75.0,,2025-12-29T17:15:13
How Much Would Reducing Lead Exposure Improve Children’s Learning in the Developing World?,Evaluator 2,journal_predict,3.2,2.8,4.2,,2025-12-29T17:15:13
How Much Would Reducing Lead Exposure Improve Children’s Learning in the Developing World?,Evaluator 2,logic_comms,75.0,70.0,80.0,,2025-12-29T17:15:13
How Much Would Reducing Lead Exposure Improve Children’s Learning in the Developing World?,Evaluator 2,merits_journal,3.0,2.8,3.2,,2025-12-29T17:15:13
How Much Would Reducing Lead Exposure Improve Children’s Learning in the Developing World?,Evaluator 2,methods,68.0,58.0,78.0,,2025-12-29T17:15:13
How Much Would Reducing Lead Exposure Improve Children’s Learning in the Developing World?,Evaluator 2,open_sci,80.0,70.0,90.0,,2025-12-29T17:15:13
How Much Would Reducing Lead Exposure Improve Children’s Learning in the Developing World?,Evaluator 2,overall,75.0,68.0,82.0,,2025-12-29T17:15:13
How Much Would Reducing Lead Exposure Improve Children’s Learning in the Developing World?,Evaluator 2,real_world,70.0,65.0,75.0,,2025-12-29T17:15:13
Irrigation Strengthens Climate Resilience: Long-term Evidence from Mali using Satellites and Surveys,Evaluator 1,adv_knowledge,80.0,70.0,90.0,,2025-12-29T17:15:13
Irrigation Strengthens Climate Resilience: Long-term Evidence from Mali using Satellites and Surveys,Evaluator 1,claims,70.0,60.0,75.0,,2025-12-29T17:15:13
Irrigation Strengthens Climate Resilience: Long-term Evidence from Mali using Satellites and Surveys,Evaluator 1,gp_relevance,75.0,65.0,85.0,,2025-12-29T17:15:13
Irrigation Strengthens Climate Resilience: Long-term Evidence from Mali using Satellites and Surveys,Evaluator 1,journal_predict,3.5,2.9,4.0,,2025-12-29T17:15:13
Irrigation Strengthens Climate Resilience: Long-term Evidence from Mali using Satellites and Surveys,Evaluator 1,logic_comms,75.0,70.0,80.0,,2025-12-29T17:15:13
Irrigation Strengthens Climate Resilience: Long-term Evidence from Mali using Satellites and Surveys,Evaluator 1,merits_journal,3.6,3.2,4.2,,2025-12-29T17:15:13
Irrigation Strengthens Climate Resilience: Long-term Evidence from Mali using Satellites and Surveys,Evaluator 1,methods,75.0,70.0,85.0,,2025-12-29T17:15:13
Irrigation Strengthens Climate Resilience: Long-term Evidence from Mali using Satellites and Surveys,Evaluator 1,open_sci,80.0,70.0,90.0,,2025-12-29T17:15:13
Irrigation Strengthens Climate Resilience: Long-term Evidence from Mali using Satellites and Surveys,Evaluator 1,overall,75.0,69.0,85.0,,2025-12-29T17:15:13
Irrigation Strengthens Climate Resilience: Long-term Evidence from Mali using Satellites and Surveys,Evaluator 1,real_world,75.0,65.0,85.0,,2025-12-29T17:15:13
Irrigation Strengthens Climate Resilience: Long-term Evidence from Mali using Satellites and Surveys,N/A,adv_knowledge,32.0,,,,2025-12-29T17:15:13
Irrigation Strengthens Climate Resilience: Long-term Evidence from Mali using Satellites and Surveys,N/A,claims,35.0,0.0,51.0,,2025-12-29T17:15:13
Irrigation Strengthens Climate Resilience: Long-term Evidence from Mali using Satellites and Surveys,N/A,gp_relevance,30.0,,,,2025-12-29T17:15:13
Irrigation Strengthens Climate Resilience: Long-term Evidence from Mali using Satellites and Surveys,N/A,journal_predict,3.2,,,,2025-12-29T17:15:13
Irrigation Strengthens Climate Resilience: Long-term Evidence from Mali using Satellites and Surveys,N/A,logic_comms,40.0,,,,2025-12-29T17:15:13
Irrigation Strengthens Climate Resilience: Long-term Evidence from Mali using Satellites and Surveys,N/A,merits_journal,2.5,,,,2025-12-29T17:15:13
Irrigation Strengthens Climate Resilience: Long-term Evidence from Mali using Satellites and Surveys,N/A,methods,34.0,0.0,,,2025-12-29T17:15:13
Irrigation Strengthens Climate Resilience: Long-term Evidence from Mali using Satellites and Surveys,N/A,open_sci,70.0,,,,2025-12-29T17:15:13
Irrigation Strengthens Climate Resilience: Long-term Evidence from Mali using Satellites and Surveys,N/A,overall,46.0,0.0,,,2025-12-29T17:15:13
Irrigation Strengthens Climate Resilience: Long-term Evidence from Mali using Satellites and Surveys,N/A,real_world,30.0,,,,2025-12-29T17:15:13
Legalizing Entrepreneurship,Evaluator 1,adv_knowledge,60.0,50.0,70.0,,2025-12-29T17:15:13
Legalizing Entrepreneurship,Evaluator 1,gp_relevance,80.0,70.0,90.0,,2025-12-29T17:15:13
Legalizing Entrepreneurship,Evaluator 1,journal_predict,2.5,2.0,3.0,,2025-12-29T17:15:13
Legalizing Entrepreneurship,Evaluator 1,logic_comms,60.0,50.0,70.0,,2025-12-29T17:15:13
Legalizing Entrepreneurship,Evaluator 1,merits_journal,2.5,2.0,3.0,,2025-12-29T17:15:13
Legalizing Entrepreneurship,Evaluator 1,methods,60.0,50.0,70.0,,2025-12-29T17:15:13
Legalizing Entrepreneurship,Evaluator 1,open_sci,50.0,40.0,60.0,,2025-12-29T17:15:13
Legalizing Entrepreneurship,Evaluator 1,overall,60.0,50.0,70.0,,2025-12-29T17:15:13
Legalizing Entrepreneurship,Evaluator 1,real_world,80.0,70.0,90.0,,2025-12-29T17:15:13
Legalizing Entrepreneurship,Evaluator 2,adv_knowledge,96.0,90.0,100.0,,2025-12-29T17:15:13
Legalizing Entrepreneurship,Evaluator 2,gp_relevance,97.0,93.0,100.0,,2025-12-29T17:15:13
Legalizing Entrepreneurship,Evaluator 2,journal_predict,4.4,4.0,4.7,,2025-12-29T17:15:13
Legalizing Entrepreneurship,Evaluator 2,logic_comms,98.0,95.0,100.0,,2025-12-29T17:15:13
Legalizing Entrepreneurship,Evaluator 2,merits_journal,4.7,4.0,5.0,,2025-12-29T17:15:13
Legalizing Entrepreneurship,Evaluator 2,methods,92.0,86.0,97.0,,2025-12-29T17:15:13
Legalizing Entrepreneurship,Evaluator 2,open_sci,78.0,72.0,83.0,,2025-12-29T17:15:13
Legalizing Entrepreneurship,Evaluator 2,overall,90.0,85.0,97.0,,2025-12-29T17:15:13
Legalizing Entrepreneurship,Evaluator 2,real_world,97.0,93.0,100.0,,2025-12-29T17:15:13
Maternal cash transfers for gender equity and child development: Experimental evidence from India,Eleanor Tsai,adv_knowledge,95.0,90.0,100.0,,2025-12-29T17:15:13
Maternal cash transfers for gender equity and child development: Experimental evidence from India,Eleanor Tsai,claims,90.0,80.0,100.0,,2025-12-29T17:15:13
Maternal cash transfers for gender equity and child development: Experimental evidence from India,Eleanor Tsai,gp_relevance,95.0,90.0,100.0,,2025-12-29T17:15:13
Maternal cash transfers for gender equity and child development: Experimental evidence from India,Eleanor Tsai,journal_predict,4.1,3.6,4.6,,2025-12-29T17:15:13
Maternal cash transfers for gender equity and child development: Experimental evidence from India,Eleanor Tsai,logic_comms,80.0,75.0,85.0,,2025-12-29T17:15:13
Maternal cash transfers for gender equity and child development: Experimental evidence from India,Eleanor Tsai,merits_journal,4.2,3.6,5.0,,2025-12-29T17:15:13
Maternal cash transfers for gender equity and child development: Experimental evidence from India,Eleanor Tsai,methods,85.0,80.0,90.0,,2025-12-29T17:15:13
Maternal cash transfers for gender equity and child development: Experimental evidence from India,Eleanor Tsai,open_sci,90.0,80.0,100.0,,2025-12-29T17:15:13
Maternal cash transfers for gender equity and child development: Experimental evidence from India,Eleanor Tsai,overall,85.0,80.0,90.0,,2025-12-29T17:15:13
Maternal cash transfers for gender equity and child development: Experimental evidence from India,Eleanor Tsai,real_world,95.0,90.0,100.0,,2025-12-29T17:15:13
Maternal cash transfers for gender equity and child development: Experimental evidence from India,Evaluator 1,adv_knowledge,90.0,89.0,91.0,,2025-12-29T17:15:13
Maternal cash transfers for gender equity and child development: Experimental evidence from India,Evaluator 1,claims,85.0,80.0,90.0,,2025-12-29T17:15:13
Maternal cash transfers for gender equity and child development: Experimental evidence from India,Evaluator 1,gp_relevance,88.0,84.0,92.0,,2025-12-29T17:15:13
Maternal cash transfers for gender equity and child development: Experimental evidence from India,Evaluator 1,journal_predict,2.9,2.1,3.1,,2025-12-29T17:15:13
Maternal cash transfers for gender equity and child development: Experimental evidence from India,Evaluator 1,logic_comms,85.0,85.0,85.0,,2025-12-29T17:15:13
Maternal cash transfers for gender equity and child development: Experimental evidence from India,Evaluator 1,merits_journal,3.1,2.9,3.3,,2025-12-29T17:15:13
Maternal cash transfers for gender equity and child development: Experimental evidence from India,Evaluator 1,methods,60.0,58.0,62.0,,2025-12-29T17:15:13
Maternal cash transfers for gender equity and child development: Experimental evidence from India,Evaluator 1,open_sci,30.0,20.0,40.0,,2025-12-29T17:15:13
Maternal cash transfers for gender equity and child development: Experimental evidence from India,Evaluator 1,overall,70.0,65.0,75.0,,2025-12-29T17:15:13
Maternal cash transfers for gender equity and child development: Experimental evidence from India,Evaluator 1,real_world,88.0,84.0,92.0,,2025-12-29T17:15:13
Mental Health Therapy as a Core Strategy for Increasing Human Capital: Evidence from Ghana,Evaluator 1,adv_knowledge,65.0,,,,2025-12-29T17:15:13
Mental Health Therapy as a Core Strategy for Increasing Human Capital: Evidence from Ghana,Evaluator 1,gp_relevance,75.0,,,,2025-12-29T17:15:13
Mental Health Therapy as a Core Strategy for Increasing Human Capital: Evidence from Ghana,Evaluator 1,logic_comms,75.0,,,,2025-12-29T17:15:13
Mental Health Therapy as a Core Strategy for Increasing Human Capital: Evidence from Ghana,Evaluator 1,merits_journal,4.0,,,,2025-12-29T17:15:13
Mental Health Therapy as a Core Strategy for Increasing Human Capital: Evidence from Ghana,Evaluator 1,methods,60.0,,,,2025-12-29T17:15:13
Mental Health Therapy as a Core Strategy for Increasing Human Capital: Evidence from Ghana,Evaluator 1,open_sci,50.0,,,,2025-12-29T17:15:13
Mental Health Therapy as a Core Strategy for Increasing Human Capital: Evidence from Ghana,Evaluator 1,overall,75.0,,,,2025-12-29T17:15:13
Mental Health Therapy as a Core Strategy for Increasing Human Capital: Evidence from Ghana,Evaluator 1,real_world,75.0,,,,2025-12-29T17:15:13
Mental Health Therapy as a Core Strategy for Increasing Human Capital: Evidence from Ghana,Evaluator 2,adv_knowledge,60.0,55.0,65.0,,2025-12-29T17:15:13
Mental Health Therapy as a Core Strategy for Increasing Human Capital: Evidence from Ghana,Evaluator 2,gp_relevance,50.0,48.0,52.0,,2025-12-29T17:15:13
Mental Health Therapy as a Core Strategy for Increasing Human Capital: Evidence from Ghana,Evaluator 2,logic_comms,70.0,62.0,82.0,,2025-12-29T17:15:13
Mental Health Therapy as a Core Strategy for Increasing Human Capital: Evidence from Ghana,Evaluator 2,merits_journal,4.0,,,,2025-12-29T17:15:13
Mental Health Therapy as a Core Strategy for Increasing Human Capital: Evidence from Ghana,Evaluator 2,methods,90.0,82.0,94.0,,2025-12-29T17:15:13
Mental Health Therapy as a Core Strategy for Increasing Human Capital: Evidence from Ghana,Evaluator 2,open_sci,90.0,80.0,95.0,,2025-12-29T17:15:13
Mental Health Therapy as a Core Strategy for Increasing Human Capital: Evidence from Ghana,Evaluator 2,overall,75.0,70.0,84.0,,2025-12-29T17:15:13
Mental Health Therapy as a Core Strategy for Increasing Human Capital: Evidence from Ghana,Evaluator 2,real_world,50.0,48.0,52.0,,2025-12-29T17:15:13
Misperceptions and Demand for Democracy under Authoritarianism,Evaluator 1,adv_knowledge,88.0,80.0,95.0,,2025-12-29T17:15:13
Misperceptions and Demand for Democracy under Authoritarianism,Evaluator 1,claims,83.0,75.0,90.0,,2025-12-29T17:15:13
Misperceptions and Demand for Democracy under Authoritarianism,Evaluator 1,gp_relevance,88.0,80.0,95.0,,2025-12-29T17:15:13
Misperceptions and Demand for Democracy under Authoritarianism,Evaluator 1,journal_predict,4.3,3.5,5.0,,2025-12-29T17:15:13
Misperceptions and Demand for Democracy under Authoritarianism,Evaluator 1,logic_comms,88.0,80.0,95.0,,2025-12-29T17:15:13
Misperceptions and Demand for Democracy under Authoritarianism,Evaluator 1,merits_journal,4.3,3.5,5.0,,2025-12-29T17:15:13
Misperceptions and Demand for Democracy under Authoritarianism,Evaluator 1,methods,88.0,80.0,95.0,,2025-12-29T17:15:13
Misperceptions and Demand for Democracy under Authoritarianism,Evaluator 1,open_sci,83.0,75.0,90.0,,2025-12-29T17:15:13
Misperceptions and Demand for Democracy under Authoritarianism,Evaluator 1,overall,88.0,80.0,95.0,,2025-12-29T17:15:13
Misperceptions and Demand for Democracy under Authoritarianism,Evaluator 1,real_world,88.0,80.0,95.0,,2025-12-29T17:15:13
Money (Not) to Burn: Payments for Ecosystem Services to Reduce Crop Residue Burning,Evaluator 2,adv_knowledge,85.0,80.0,90.0,,2025-12-29T17:15:13
Money (Not) to Burn: Payments for Ecosystem Services to Reduce Crop Residue Burning,Evaluator 2,gp_relevance,90.0,90.0,100.0,,2025-12-29T17:15:13
Money (Not) to Burn: Payments for Ecosystem Services to Reduce Crop Residue Burning,Evaluator 2,journal_predict,4.0,,,,2025-12-29T17:15:13
Money (Not) to Burn: Payments for Ecosystem Services to Reduce Crop Residue Burning,Evaluator 2,logic_comms,90.0,80.0,100.0,,2025-12-29T17:15:13
Money (Not) to Burn: Payments for Ecosystem Services to Reduce Crop Residue Burning,Evaluator 2,merits_journal,4.0,,,,2025-12-29T17:15:13
Money (Not) to Burn: Payments for Ecosystem Services to Reduce Crop Residue Burning,Evaluator 2,methods,80.0,65.0,75.0,,2025-12-29T17:15:13
Money (Not) to Burn: Payments for Ecosystem Services to Reduce Crop Residue Burning,Evaluator 2,open_sci,80.0,70.0,90.0,,2025-12-29T17:15:13
Money (Not) to Burn: Payments for Ecosystem Services to Reduce Crop Residue Burning,Evaluator 2,overall,85.0,80.0,90.0,,2025-12-29T17:15:13
Money (Not) to Burn: Payments for Ecosystem Services to Reduce Crop Residue Burning,Evaluator 2,real_world,90.0,90.0,100.0,,2025-12-29T17:15:13
PUBPUB submission - E2 - The Effect of Public Science on Corporate R&D,Ioannis Bournakis,adv_knowledge,90.0,90.0,95.0,,2025-12-29T17:15:13
PUBPUB submission - E2 - The Effect of Public Science on Corporate R&D,Ioannis Bournakis,claims,80.0,80.0,90.0,,2025-12-29T17:15:13
PUBPUB submission - E2 - The Effect of Public Science on Corporate R&D,Ioannis Bournakis,gp_relevance,72.0,72.0,88.0,,2025-12-29T17:15:13
PUBPUB submission - E2 - The Effect of Public Science on Corporate R&D,Ioannis Bournakis,journal_predict,4.2,4.0,5.0,,2025-12-29T17:15:13
PUBPUB submission - E2 - The Effect of Public Science on Corporate R&D,Ioannis Bournakis,logic_comms,65.0,65.0,83.0,,2025-12-29T17:15:13
PUBPUB submission - E2 - The Effect of Public Science on Corporate R&D,Ioannis Bournakis,merits_journal,4.0,3.5,4.8,,2025-12-29T17:15:13
PUBPUB submission - E2 - The Effect of Public Science on Corporate R&D,Ioannis Bournakis,methods,80.0,80.0,90.0,,2025-12-29T17:15:13
PUBPUB submission - E2 - The Effect of Public Science on Corporate R&D,Ioannis Bournakis,open_sci,85.0,75.0,85.0,,2025-12-29T17:15:13
PUBPUB submission - E2 - The Effect of Public Science on Corporate R&D,Ioannis Bournakis,overall,75.0,75.0,87.0,,2025-12-29T17:15:13
PUBPUB submission - E2 - The Effect of Public Science on Corporate R&D,Ioannis Bournakis,real_world,72.0,72.0,88.0,,2025-12-29T17:15:13
"Pharmaceutical Pricing, and R&D as a Global Public Good",Evaluator 1,adv_knowledge,25.0,10.0,40.0,,2025-12-29T17:15:13
"Pharmaceutical Pricing, and R&D as a Global Public Good",Evaluator 1,claims,70.0,50.0,90.0,,2025-12-29T17:15:13
"Pharmaceutical Pricing, and R&D as a Global Public Good",Evaluator 1,gp_relevance,35.0,20.0,70.0,,2025-12-29T17:15:13
"Pharmaceutical Pricing, and R&D as a Global Public Good",Evaluator 1,logic_comms,80.0,70.0,90.0,,2025-12-29T17:15:13
"Pharmaceutical Pricing, and R&D as a Global Public Good",Evaluator 1,merits_journal,2.5,1.5,3.1,,2025-12-29T17:15:13
"Pharmaceutical Pricing, and R&D as a Global Public Good",Evaluator 1,methods,70.0,60.0,90.0,,2025-12-29T17:15:13
"Pharmaceutical Pricing, and R&D as a Global Public Good",Evaluator 1,open_sci,100.0,100.0,100.0,,2025-12-29T17:15:13
"Pharmaceutical Pricing, and R&D as a Global Public Good",Evaluator 1,overall,30.0,10.0,50.0,,2025-12-29T17:15:13
"Pharmaceutical Pricing, and R&D as a Global Public Good",Evaluator 1,real_world,35.0,20.0,70.0,,2025-12-29T17:15:13
Population ethical intuitions,Evaluator 1,adv_knowledge,30.0,20.0,50.0,,2025-12-29T17:15:13
Population ethical intuitions,Evaluator 1,claims,60.0,50.0,70.0,,2025-12-29T17:15:13
Population ethical intuitions,Evaluator 1,gp_relevance,40.0,30.0,50.0,,2025-12-29T17:15:13
Population ethical intuitions,Evaluator 1,journal_predict,4.0,4.0,4.0,,2025-12-29T17:15:13
Population ethical intuitions,Evaluator 1,logic_comms,60.0,50.0,75.0,,2025-12-29T17:15:13
Population ethical intuitions,Evaluator 1,merits_journal,4.1,3.4,4.4,,2025-12-29T17:15:13
Population ethical intuitions,Evaluator 1,methods,70.0,50.0,80.0,,2025-12-29T17:15:13
Population ethical intuitions,Evaluator 1,open_sci,90.0,80.0,100.0,,2025-12-29T17:15:13
Population ethical intuitions,Evaluator 1,overall,65.0,60.0,80.0,,2025-12-29T17:15:13
Population ethical intuitions,Evaluator 1,real_world,40.0,30.0,50.0,,2025-12-29T17:15:13
Population ethical intuitions,Stijn Bruers,adv_knowledge,86.0,76.0,93.0,,2025-12-29T17:15:13
Population ethical intuitions,Stijn Bruers,claims,79.0,64.0,93.0,,2025-12-29T17:15:13
Population ethical intuitions,Stijn Bruers,gp_relevance,90.0,84.0,96.0,,2025-12-29T17:15:13
Population ethical intuitions,Stijn Bruers,journal_predict,4.7,4.3,5.0,,2025-12-29T17:15:13
Population ethical intuitions,Stijn Bruers,logic_comms,82.0,73.0,93.0,,2025-12-29T17:15:13
Population ethical intuitions,Stijn Bruers,merits_journal,4.6,4.5,5.0,,2025-12-29T17:15:13
Population ethical intuitions,Stijn Bruers,methods,71.0,55.0,91.0,,2025-12-29T17:15:13
Population ethical intuitions,Stijn Bruers,open_sci,90.0,84.0,95.0,,2025-12-29T17:15:13
Population ethical intuitions,Stijn Bruers,overall,77.0,56.0,94.0,,2025-12-29T17:15:13
Population ethical intuitions,Stijn Bruers,real_world,90.0,84.0,96.0,,2025-12-29T17:15:13
Replicability & Generalisability: A Guide to CEA discounts,Evaluator 1,adv_knowledge,30.0,20.0,80.0,,2025-12-29T17:15:13
Replicability & Generalisability: A Guide to CEA discounts,Evaluator 1,gp_relevance,70.0,50.0,95.0,,2025-12-29T17:15:13
Replicability & Generalisability: A Guide to CEA discounts,Evaluator 1,logic_comms,30.0,10.0,70.0,,2025-12-29T17:15:13
Replicability & Generalisability: A Guide to CEA discounts,Evaluator 1,open_sci,10.0,0.0,50.0,,2025-12-29T17:15:13
Replicability & Generalisability: A Guide to CEA discounts,Evaluator 1,overall,25.0,0.0,50.0,,2025-12-29T17:15:13
Replicability & Generalisability: A Guide to CEA discounts,Evaluator 1,real_world,70.0,50.0,95.0,,2025-12-29T17:15:13
Replicability & Generalisability: A Guide to CEA discounts,Max Maier,adv_knowledge,50.0,20.0,70.0,,2025-12-29T17:15:13
Replicability & Generalisability: A Guide to CEA discounts,Max Maier,gp_relevance,50.0,10.0,80.0,,2025-12-29T17:15:13
Replicability & Generalisability: A Guide to CEA discounts,Max Maier,logic_comms,30.0,10.0,50.0,,2025-12-29T17:15:13
Replicability & Generalisability: A Guide to CEA discounts,Max Maier,methods,10.0,0.0,40.0,,2025-12-29T17:15:13
Replicability & Generalisability: A Guide to CEA discounts,Max Maier,overall,40.0,10.0,60.0,,2025-12-29T17:15:13
Replicability & Generalisability: A Guide to CEA discounts,Max Maier,real_world,50.0,10.0,80.0,,2025-12-29T17:15:13
Selecting the Most Effective Nudge: Evidence from a Large-Scale Experiment on Immunization,Evaluator 1,adv_knowledge,97.0,95.0,100.0,,2025-12-29T17:15:13
Selecting the Most Effective Nudge: Evidence from a Large-Scale Experiment on Immunization,Evaluator 1,gp_relevance,100.0,100.0,100.0,,2025-12-29T17:15:13
Selecting the Most Effective Nudge: Evidence from a Large-Scale Experiment on Immunization,Evaluator 1,journal_predict,5.0,5.0,5.0,,2025-12-29T17:15:13
Selecting the Most Effective Nudge: Evidence from a Large-Scale Experiment on Immunization,Evaluator 1,logic_comms,96.0,93.0,100.0,,2025-12-29T17:15:13
Selecting the Most Effective Nudge: Evidence from a Large-Scale Experiment on Immunization,Evaluator 1,merits_journal,5.0,5.0,5.0,,2025-12-29T17:15:13
Selecting the Most Effective Nudge: Evidence from a Large-Scale Experiment on Immunization,Evaluator 1,methods,97.0,95.0,100.0,,2025-12-29T17:15:13
Selecting the Most Effective Nudge: Evidence from a Large-Scale Experiment on Immunization,Evaluator 1,open_sci,96.0,92.0,100.0,,2025-12-29T17:15:13
Selecting the Most Effective Nudge: Evidence from a Large-Scale Experiment on Immunization,Evaluator 1,overall,98.0,96.0,100.0,,2025-12-29T17:15:13
Selecting the Most Effective Nudge: Evidence from a Large-Scale Experiment on Immunization,Evaluator 1,real_world,100.0,100.0,100.0,,2025-12-29T17:15:13
Selecting the Most Effective Nudge: Evidence from a Large-Scale Experiment on Immunization,Evaluator 2,adv_knowledge,95.0,80.0,99.0,,2025-12-29T17:15:13
Selecting the Most Effective Nudge: Evidence from a Large-Scale Experiment on Immunization,Evaluator 2,gp_relevance,95.0,75.0,99.0,,2025-12-29T17:15:13
Selecting the Most Effective Nudge: Evidence from a Large-Scale Experiment on Immunization,Evaluator 2,journal_predict,4.7,4.0,5.0,,2025-12-29T17:15:13
Selecting the Most Effective Nudge: Evidence from a Large-Scale Experiment on Immunization,Evaluator 2,logic_comms,90.0,70.0,95.0,,2025-12-29T17:15:13
Selecting the Most Effective Nudge: Evidence from a Large-Scale Experiment on Immunization,Evaluator 2,merits_journal,4.7,4.0,5.0,,2025-12-29T17:15:13
Selecting the Most Effective Nudge: Evidence from a Large-Scale Experiment on Immunization,Evaluator 2,methods,90.0,70.0,95.0,,2025-12-29T17:15:13
Selecting the Most Effective Nudge: Evidence from a Large-Scale Experiment on Immunization,Evaluator 2,open_sci,90.0,70.0,95.0,,2025-12-29T17:15:13
Selecting the Most Effective Nudge: Evidence from a Large-Scale Experiment on Immunization,Evaluator 2,overall,95.0,80.0,99.0,,2025-12-29T17:15:13
Selecting the Most Effective Nudge: Evidence from a Large-Scale Experiment on Immunization,Evaluator 2,real_world,95.0,75.0,99.0,,2025-12-29T17:15:13
Selecting the Most Effective Nudge: Evidence from a Large-Scale Experiment on Immunization,Evaluator 3,adv_knowledge,85.0,80.0,90.0,,2025-12-29T17:15:13
Selecting the Most Effective Nudge: Evidence from a Large-Scale Experiment on Immunization,Evaluator 3,gp_relevance,95.0,70.0,100.0,,2025-12-29T17:15:13
Selecting the Most Effective Nudge: Evidence from a Large-Scale Experiment on Immunization,Evaluator 3,journal_predict,4.7,4.0,5.0,,2025-12-29T17:15:13
Selecting the Most Effective Nudge: Evidence from a Large-Scale Experiment on Immunization,Evaluator 3,logic_comms,80.0,50.0,100.0,,2025-12-29T17:15:13
Selecting the Most Effective Nudge: Evidence from a Large-Scale Experiment on Immunization,Evaluator 3,merits_journal,4.5,4.0,5.0,,2025-12-29T17:15:13
Selecting the Most Effective Nudge: Evidence from a Large-Scale Experiment on Immunization,Evaluator 3,methods,80.0,50.0,100.0,,2025-12-29T17:15:13
Selecting the Most Effective Nudge: Evidence from a Large-Scale Experiment on Immunization,Evaluator 3,open_sci,70.0,25.0,85.0,,2025-12-29T17:15:13
Selecting the Most Effective Nudge: Evidence from a Large-Scale Experiment on Immunization,Evaluator 3,overall,85.0,75.0,90.0,,2025-12-29T17:15:13
Selecting the Most Effective Nudge: Evidence from a Large-Scale Experiment on Immunization,Evaluator 3,real_world,95.0,70.0,100.0,,2025-12-29T17:15:13
The Benefits and Costs of Guest Worker Programs: Experimental Evidence from the India-UAE Migration Corridor,Evaluator 1,adv_knowledge,80.0,75.0,85.0,,2025-12-29T17:15:13
The Benefits and Costs of Guest Worker Programs: Experimental Evidence from the India-UAE Migration Corridor,Evaluator 1,gp_relevance,80.0,75.0,85.0,,2025-12-29T17:15:13
The Benefits and Costs of Guest Worker Programs: Experimental Evidence from the India-UAE Migration Corridor,Evaluator 1,journal_predict,4.5,4.0,5.0,,2025-12-29T17:15:13
The Benefits and Costs of Guest Worker Programs: Experimental Evidence from the India-UAE Migration Corridor,Evaluator 1,logic_comms,70.0,65.0,75.0,,2025-12-29T17:15:13
The Benefits and Costs of Guest Worker Programs: Experimental Evidence from the India-UAE Migration Corridor,Evaluator 1,merits_journal,4.5,4.0,5.0,,2025-12-29T17:15:13
The Benefits and Costs of Guest Worker Programs: Experimental Evidence from the India-UAE Migration Corridor,Evaluator 1,methods,75.0,70.0,80.0,,2025-12-29T17:15:13
The Benefits and Costs of Guest Worker Programs: Experimental Evidence from the India-UAE Migration Corridor,Evaluator 1,open_sci,70.0,65.0,75.0,,2025-12-29T17:15:13
The Benefits and Costs of Guest Worker Programs: Experimental Evidence from the India-UAE Migration Corridor,Evaluator 1,overall,75.0,70.0,80.0,,2025-12-29T17:15:13
The Benefits and Costs of Guest Worker Programs: Experimental Evidence from the India-UAE Migration Corridor,Evaluator 1,real_world,80.0,75.0,85.0,,2025-12-29T17:15:13
The Benefits and Costs of Guest Worker Programs: Experimental Evidence from the India-UAE Migration Corridor,Evaluator 2,adv_knowledge,85.0,75.0,95.0,,2025-12-29T17:15:13
The Benefits and Costs of Guest Worker Programs: Experimental Evidence from the India-UAE Migration Corridor,Evaluator 2,gp_relevance,90.0,85.0,95.0,,2025-12-29T17:15:13
The Benefits and Costs of Guest Worker Programs: Experimental Evidence from the India-UAE Migration Corridor,Evaluator 2,journal_predict,4.3,4.0,4.5,,2025-12-29T17:15:13
The Benefits and Costs of Guest Worker Programs: Experimental Evidence from the India-UAE Migration Corridor,Evaluator 2,logic_comms,85.0,60.0,90.0,,2025-12-29T17:15:13
The Benefits and Costs of Guest Worker Programs: Experimental Evidence from the India-UAE Migration Corridor,Evaluator 2,merits_journal,3.5,3.0,4.0,,2025-12-29T17:15:13
The Benefits and Costs of Guest Worker Programs: Experimental Evidence from the India-UAE Migration Corridor,Evaluator 2,methods,40.0,30.0,60.0,,2025-12-29T17:15:13
The Benefits and Costs of Guest Worker Programs: Experimental Evidence from the India-UAE Migration Corridor,Evaluator 2,open_sci,90.0,85.0,95.0,,2025-12-29T17:15:13
The Benefits and Costs of Guest Worker Programs: Experimental Evidence from the India-UAE Migration Corridor,Evaluator 2,overall,75.0,60.0,90.0,,2025-12-29T17:15:13
The Benefits and Costs of Guest Worker Programs: Experimental Evidence from the India-UAE Migration Corridor,Evaluator 2,real_world,90.0,85.0,95.0,,2025-12-29T17:15:13
The Comparative Impact of Cash Transfers and a Psychotherapy Program on Psychological and Economic Well-being,Evaluator 2,adv_knowledge,70.0,60.0,90.0,,2025-12-29T17:15:13
The Comparative Impact of Cash Transfers and a Psychotherapy Program on Psychological and Economic Well-being,Evaluator 2,gp_relevance,75.0,60.0,90.0,,2025-12-29T17:15:13
The Comparative Impact of Cash Transfers and a Psychotherapy Program on Psychological and Economic Well-being,Evaluator 2,journal_predict,3.0,2.0,4.0,,2025-12-29T17:15:13
The Comparative Impact of Cash Transfers and a Psychotherapy Program on Psychological and Economic Well-being,Evaluator 2,logic_comms,75.0,70.0,90.0,,2025-12-29T17:15:13
The Comparative Impact of Cash Transfers and a Psychotherapy Program on Psychological and Economic Well-being,Evaluator 2,merits_journal,4.0,3.0,4.0,,2025-12-29T17:15:13
The Comparative Impact of Cash Transfers and a Psychotherapy Program on Psychological and Economic Well-being,Evaluator 2,methods,90.0,85.0,95.0,,2025-12-29T17:15:13
The Comparative Impact of Cash Transfers and a Psychotherapy Program on Psychological and Economic Well-being,Evaluator 2,open_sci,50.0,40.0,80.0,,2025-12-29T17:15:13
The Comparative Impact of Cash Transfers and a Psychotherapy Program on Psychological and Economic Well-being,Evaluator 2,overall,75.0,65.0,85.0,,2025-12-29T17:15:13
The Comparative Impact of Cash Transfers and a Psychotherapy Program on Psychological and Economic Well-being,Evaluator 2,real_world,75.0,60.0,90.0,,2025-12-29T17:15:13
The Effect of Public Science on Corporate R&D,Evaluator 2,adv_knowledge,46.0,42.0,50.0,,2025-12-29T17:15:13
The Effect of Public Science on Corporate R&D,Evaluator 2,claims,57.0,44.0,70.0,,2025-12-29T17:15:13
The Effect of Public Science on Corporate R&D,Evaluator 2,gp_relevance,67.0,62.0,71.0,,2025-12-29T17:15:13
The Effect of Public Science on Corporate R&D,Evaluator 2,journal_predict,3.6,3.1,4.1,,2025-12-29T17:15:13
The Effect of Public Science on Corporate R&D,Evaluator 2,logic_comms,68.0,62.0,74.0,,2025-12-29T17:15:13
The Effect of Public Science on Corporate R&D,Evaluator 2,merits_journal,2.8,2.4,3.2,,2025-12-29T17:15:13
The Effect of Public Science on Corporate R&D,Evaluator 2,methods,36.0,28.0,44.0,,2025-12-29T17:15:13
The Effect of Public Science on Corporate R&D,Evaluator 2,open_sci,65.0,62.0,68.0,,2025-12-29T17:15:13
The Effect of Public Science on Corporate R&D,Evaluator 2,overall,64.0,58.0,70.0,,2025-12-29T17:15:13
The Effect of Public Science on Corporate R&D,Evaluator 2,real_world,67.0,62.0,71.0,,2025-12-29T17:15:13
The Environmental Effects of Economic Production: Evidence from Ecological Observations,Anonymous,adv_knowledge,70.0,,,,2025-12-29T17:15:13
The Environmental Effects of Economic Production: Evidence from Ecological Observations,Anonymous,gp_relevance,60.0,,,,2025-12-29T17:15:13
The Environmental Effects of Economic Production: Evidence from Ecological Observations,Anonymous,journal_predict,4.0,,,,2025-12-29T17:15:13
The Environmental Effects of Economic Production: Evidence from Ecological Observations,Anonymous,logic_comms,75.0,,,,2025-12-29T17:15:13
The Environmental Effects of Economic Production: Evidence from Ecological Observations,Anonymous,merits_journal,4.0,,,,2025-12-29T17:15:13
The Environmental Effects of Economic Production: Evidence from Ecological Observations,Anonymous,methods,70.0,,,,2025-12-29T17:15:13
The Environmental Effects of Economic Production: Evidence from Ecological Observations,Anonymous,open_sci,65.0,,,,2025-12-29T17:15:13
The Environmental Effects of Economic Production: Evidence from Ecological Observations,Anonymous,overall,70.0,,,,2025-12-29T17:15:13
The Environmental Effects of Economic Production: Evidence from Ecological Observations,Anonymous,real_world,60.0,,,,2025-12-29T17:15:13
The Governance Of Non-Profits And Their Social Impact: Evidence From A Randomized Program In Healthcare In DRC,Evaluator 1,adv_knowledge,70.0,55.0,75.0,,2025-12-29T17:15:13
The Governance Of Non-Profits And Their Social Impact: Evidence From A Randomized Program In Healthcare In DRC,Evaluator 1,gp_relevance,55.0,45.0,75.0,,2025-12-29T17:15:13
The Governance Of Non-Profits And Their Social Impact: Evidence From A Randomized Program In Healthcare In DRC,Evaluator 1,journal_predict,3.6,2.8,4.0,,2025-12-29T17:15:13
The Governance Of Non-Profits And Their Social Impact: Evidence From A Randomized Program In Healthcare In DRC,Evaluator 1,logic_comms,55.0,50.0,65.0,,2025-12-29T17:15:13
The Governance Of Non-Profits And Their Social Impact: Evidence From A Randomized Program In Healthcare In DRC,Evaluator 1,merits_journal,3.8,3.0,4.1,,2025-12-29T17:15:13
The Governance Of Non-Profits And Their Social Impact: Evidence From A Randomized Program In Healthcare In DRC,Evaluator 1,methods,60.0,55.0,70.0,,2025-12-29T17:15:13
The Governance Of Non-Profits And Their Social Impact: Evidence From A Randomized Program In Healthcare In DRC,Evaluator 1,open_sci,45.0,30.0,60.0,,2025-12-29T17:15:13
The Governance Of Non-Profits And Their Social Impact: Evidence From A Randomized Program In Healthcare In DRC,Evaluator 1,overall,65.0,55.0,74.0,,2025-12-29T17:15:13
The Governance Of Non-Profits And Their Social Impact: Evidence From A Randomized Program In Healthcare In DRC,Evaluator 1,real_world,55.0,45.0,75.0,,2025-12-29T17:15:13
"The Long-Run Effects of Psychotherapy on Depression, Beliefs, and Economic Outcomes",Evaluator 1,adv_knowledge,83.0,76.0,90.0,,2025-12-29T17:15:13
"The Long-Run Effects of Psychotherapy on Depression, Beliefs, and Economic Outcomes",Evaluator 1,gp_relevance,83.0,76.0,90.0,,2025-12-29T17:15:13
"The Long-Run Effects of Psychotherapy on Depression, Beliefs, and Economic Outcomes",Evaluator 1,journal_predict,4.0,3.5,4.5,,2025-12-29T17:15:13
"The Long-Run Effects of Psychotherapy on Depression, Beliefs, and Economic Outcomes",Evaluator 1,logic_comms,77.0,74.0,80.0,,2025-12-29T17:15:13
"The Long-Run Effects of Psychotherapy on Depression, Beliefs, and Economic Outcomes",Evaluator 1,merits_journal,4.0,3.5,4.5,,2025-12-29T17:15:13
"The Long-Run Effects of Psychotherapy on Depression, Beliefs, and Economic Outcomes",Evaluator 1,methods,75.0,68.0,82.0,,2025-12-29T17:15:13
"The Long-Run Effects of Psychotherapy on Depression, Beliefs, and Economic Outcomes",Evaluator 1,open_sci,35.0,20.0,50.0,,2025-12-29T17:15:13
"The Long-Run Effects of Psychotherapy on Depression, Beliefs, and Economic Outcomes",Evaluator 1,overall,77.0,70.0,84.0,,2025-12-29T17:15:13
"The Long-Run Effects of Psychotherapy on Depression, Beliefs, and Economic Outcomes",Evaluator 1,real_world,83.0,76.0,90.0,,2025-12-29T17:15:13
"The Long-Run Effects of Psychotherapy on Depression, Beliefs, and Economic Outcomes",Evaluator 2,adv_knowledge,90.0,80.0,100.0,,2025-12-29T17:15:13
"The Long-Run Effects of Psychotherapy on Depression, Beliefs, and Economic Outcomes",Evaluator 2,gp_relevance,86.0,79.0,93.0,,2025-12-29T17:15:13
"The Long-Run Effects of Psychotherapy on Depression, Beliefs, and Economic Outcomes",Evaluator 2,journal_predict,4.6,4.1,5.0,,2025-12-29T17:15:13
"The Long-Run Effects of Psychotherapy on Depression, Beliefs, and Economic Outcomes",Evaluator 2,logic_comms,79.0,69.0,89.0,,2025-12-29T17:15:13
"The Long-Run Effects of Psychotherapy on Depression, Beliefs, and Economic Outcomes",Evaluator 2,merits_journal,4.7,4.4,5.0,,2025-12-29T17:15:13
"The Long-Run Effects of Psychotherapy on Depression, Beliefs, and Economic Outcomes",Evaluator 2,methods,90.0,83.0,97.0,,2025-12-29T17:15:13
"The Long-Run Effects of Psychotherapy on Depression, Beliefs, and Economic Outcomes",Evaluator 2,open_sci,88.0,82.0,95.0,,2025-12-29T17:15:13
"The Long-Run Effects of Psychotherapy on Depression, Beliefs, and Economic Outcomes",Evaluator 2,overall,92.0,81.0,100.0,,2025-12-29T17:15:13
"The Long-Run Effects of Psychotherapy on Depression, Beliefs, and Economic Outcomes",Evaluator 2,real_world,86.0,79.0,93.0,,2025-12-29T17:15:13
The Macroeconomic Impact of Climate Change: Global vs. Local Temperature,Anonymous,adv_knowledge,90.0,89.0,91.0,,2025-12-29T17:15:13
The Macroeconomic Impact of Climate Change: Global vs. Local Temperature,Anonymous,claims,85.0,75.0,95.0,,2025-12-29T17:15:13
The Macroeconomic Impact of Climate Change: Global vs. Local Temperature,Anonymous,gp_relevance,85.0,80.0,90.0,,2025-12-29T17:15:13
The Macroeconomic Impact of Climate Change: Global vs. Local Temperature,Anonymous,journal_predict,4.5,4.0,5.0,,2025-12-29T17:15:13
The Macroeconomic Impact of Climate Change: Global vs. Local Temperature,Anonymous,logic_comms,85.0,75.0,95.0,,2025-12-29T17:15:13
The Macroeconomic Impact of Climate Change: Global vs. Local Temperature,Anonymous,merits_journal,4.5,4.0,5.0,,2025-12-29T17:15:13
The Macroeconomic Impact of Climate Change: Global vs. Local Temperature,Anonymous,methods,80.0,70.0,90.0,,2025-12-29T17:15:13
The Macroeconomic Impact of Climate Change: Global vs. Local Temperature,Anonymous,open_sci,25.0,10.0,40.0,,2025-12-29T17:15:13
The Macroeconomic Impact of Climate Change: Global vs. Local Temperature,Anonymous,overall,85.0,80.0,90.0,,2025-12-29T17:15:13
The Macroeconomic Impact of Climate Change: Global vs. Local Temperature,Anonymous,real_world,85.0,80.0,90.0,,2025-12-29T17:15:13
"The Macroeconomic Impact of Climate Change: Global vs. Local Temperature 
(November 2024 version)",Evaluator 1,adv_knowledge,98.0,95.0,100.0,,2025-12-29T17:15:13
"The Macroeconomic Impact of Climate Change: Global vs. Local Temperature 
(November 2024 version)",Evaluator 1,claims,92.0,85.0,100.0,,2025-12-29T17:15:13
"The Macroeconomic Impact of Climate Change: Global vs. Local Temperature 
(November 2024 version)",Evaluator 1,gp_relevance,95.0,90.0,100.0,,2025-12-29T17:15:13
"The Macroeconomic Impact of Climate Change: Global vs. Local Temperature 
(November 2024 version)",Evaluator 1,journal_predict,4.7,4.5,5.0,,2025-12-29T17:15:13
"The Macroeconomic Impact of Climate Change: Global vs. Local Temperature 
(November 2024 version)",Evaluator 1,logic_comms,100.0,100.0,100.0,,2025-12-29T17:15:13
"The Macroeconomic Impact of Climate Change: Global vs. Local Temperature 
(November 2024 version)",Evaluator 1,merits_journal,4.7,4.5,5.0,,2025-12-29T17:15:13
"The Macroeconomic Impact of Climate Change: Global vs. Local Temperature 
(November 2024 version)",Evaluator 1,methods,88.0,75.0,100.0,,2025-12-29T17:15:13
"The Macroeconomic Impact of Climate Change: Global vs. Local Temperature 
(November 2024 version)",Evaluator 1,open_sci,100.0,100.0,100.0,,2025-12-29T17:15:13
"The Macroeconomic Impact of Climate Change: Global vs. Local Temperature 
(November 2024 version)",Evaluator 1,overall,90.0,80.0,100.0,,2025-12-29T17:15:13
"The Macroeconomic Impact of Climate Change: Global vs. Local Temperature 
(November 2024 version)",Evaluator 1,real_world,95.0,90.0,100.0,,2025-12-29T17:15:13
The Returns to Science In the Presence of Technological Risks,Gregory J. Lewis,adv_knowledge,81.0,56.0,96.0,,2025-12-29T17:15:13
The Returns to Science In the Presence of Technological Risks,Gregory J. Lewis,claims,79.0,16.0,90.0,,2025-12-29T17:15:13
The Returns to Science In the Presence of Technological Risks,Gregory J. Lewis,gp_relevance,65.0,18.0,89.0,,2025-12-29T17:15:13
The Returns to Science In the Presence of Technological Risks,Gregory J. Lewis,logic_comms,88.0,64.0,95.0,,2025-12-29T17:15:13
The Returns to Science In the Presence of Technological Risks,Gregory J. Lewis,methods,75.0,33.0,88.0,,2025-12-29T17:15:13
The Returns to Science In the Presence of Technological Risks,Gregory J. Lewis,open_sci,89.0,76.0,99.0,,2025-12-29T17:15:13
The Returns to Science In the Presence of Technological Risks,Gregory J. Lewis,overall,71.0,27.0,87.0,,2025-12-29T17:15:13
The Returns to Science In the Presence of Technological Risks,Gregory J. Lewis,real_world,65.0,18.0,89.0,,2025-12-29T17:15:13
The animal welfare cost of meat: evidence from a survey of hypothetical scenarios among Belgian consumers,Evaluator 1,adv_knowledge,90.0,85.0,95.0,,2025-12-29T17:15:13
The animal welfare cost of meat: evidence from a survey of hypothetical scenarios among Belgian consumers,Evaluator 1,claims,70.0,65.0,75.0,,2025-12-29T17:15:13
The animal welfare cost of meat: evidence from a survey of hypothetical scenarios among Belgian consumers,Evaluator 1,gp_relevance,80.0,70.0,90.0,,2025-12-29T17:15:13
The animal welfare cost of meat: evidence from a survey of hypothetical scenarios among Belgian consumers,Evaluator 1,logic_comms,90.0,85.0,95.0,,2025-12-29T17:15:13
The animal welfare cost of meat: evidence from a survey of hypothetical scenarios among Belgian consumers,Evaluator 1,merits_journal,2.5,2.0,3.0,,2025-12-29T17:15:13
The animal welfare cost of meat: evidence from a survey of hypothetical scenarios among Belgian consumers,Evaluator 1,methods,65.0,60.0,70.0,,2025-12-29T17:15:13
The animal welfare cost of meat: evidence from a survey of hypothetical scenarios among Belgian consumers,Evaluator 1,open_sci,80.0,75.0,85.0,,2025-12-29T17:15:13
The animal welfare cost of meat: evidence from a survey of hypothetical scenarios among Belgian consumers,Evaluator 1,overall,80.0,70.0,90.0,,2025-12-29T17:15:13
The animal welfare cost of meat: evidence from a survey of hypothetical scenarios among Belgian consumers,Evaluator 1,real_world,80.0,70.0,90.0,,2025-12-29T17:15:13
The wellbeing cost-effectiveness of StrongMinds and Friendship Bench,Evaluator 1,adv_knowledge,85.0,75.0,90.0,,2025-12-29T17:15:13
The wellbeing cost-effectiveness of StrongMinds and Friendship Bench,Evaluator 1,claims,93.0,90.0,96.0,,2025-12-29T17:15:13
The wellbeing cost-effectiveness of StrongMinds and Friendship Bench,Evaluator 1,gp_relevance,91.0,89.0,93.0,,2025-12-29T17:15:13
The wellbeing cost-effectiveness of StrongMinds and Friendship Bench,Evaluator 1,logic_comms,75.0,70.0,85.0,,2025-12-29T17:15:13
The wellbeing cost-effectiveness of StrongMinds and Friendship Bench,Evaluator 1,merits_journal,4.2,3.5,4.4,,2025-12-29T17:15:13
The wellbeing cost-effectiveness of StrongMinds and Friendship Bench,Evaluator 1,methods,85.0,80.0,90.0,,2025-12-29T17:15:13
The wellbeing cost-effectiveness of StrongMinds and Friendship Bench,Evaluator 1,open_sci,76.0,66.0,80.0,,2025-12-29T17:15:13
The wellbeing cost-effectiveness of StrongMinds and Friendship Bench,Evaluator 1,overall,87.0,84.0,90.0,,2025-12-29T17:15:13
The wellbeing cost-effectiveness of StrongMinds and Friendship Bench,Evaluator 1,real_world,91.0,89.0,93.0,,2025-12-29T17:15:13
"Towards best practices in AGI safety
and governance: A survey of expert opinion",Evaluator 1,adv_knowledge,80.0,75.0,85.0,,2025-12-29T17:15:13
"Towards best practices in AGI safety
and governance: A survey of expert opinion",Evaluator 1,claims,70.0,65.0,75.0,,2025-12-29T17:15:13
"Towards best practices in AGI safety
and governance: A survey of expert opinion",Evaluator 1,gp_relevance,90.0,80.0,100.0,,2025-12-29T17:15:13
"Towards best practices in AGI safety
and governance: A survey of expert opinion",Evaluator 1,journal_predict,3.5,3.1,4.0,,2025-12-29T17:15:13
"Towards best practices in AGI safety
and governance: A survey of expert opinion",Evaluator 1,logic_comms,85.0,80.0,90.0,,2025-12-29T17:15:13
"Towards best practices in AGI safety
and governance: A survey of expert opinion",Evaluator 1,merits_journal,4.0,3.5,4.5,,2025-12-29T17:15:13
"Towards best practices in AGI safety
and governance: A survey of expert opinion",Evaluator 1,methods,70.0,65.0,75.0,,2025-12-29T17:15:13
"Towards best practices in AGI safety
and governance: A survey of expert opinion",Evaluator 1,open_sci,65.0,50.0,80.0,,2025-12-29T17:15:13
"Towards best practices in AGI safety
and governance: A survey of expert opinion",Evaluator 1,overall,70.0,60.0,80.0,,2025-12-29T17:15:13
"Towards best practices in AGI safety
and governance: A survey of expert opinion",Evaluator 1,real_world,90.0,80.0,100.0,,2025-12-29T17:15:13
Towards best practices in AGI safety and governance: A survey of expert opinion,Evaluator 1,adv_knowledge,70.0,60.0,80.0,,2025-12-29T17:15:13
Towards best practices in AGI safety and governance: A survey of expert opinion,Evaluator 1,claims,80.0,70.0,90.0,,2025-12-29T17:15:13
Towards best practices in AGI safety and governance: A survey of expert opinion,Evaluator 1,gp_relevance,70.0,60.0,80.0,,2025-12-29T17:15:13
Towards best practices in AGI safety and governance: A survey of expert opinion,Evaluator 1,logic_comms,80.0,70.0,90.0,,2025-12-29T17:15:13
Towards best practices in AGI safety and governance: A survey of expert opinion,Evaluator 1,methods,70.0,60.0,80.0,,2025-12-29T17:15:13
Towards best practices in AGI safety and governance: A survey of expert opinion,Evaluator 1,open_sci,80.0,70.0,90.0,,2025-12-29T17:15:13
Towards best practices in AGI safety and governance: A survey of expert opinion,Evaluator 1,overall,75.0,65.0,85.0,,2025-12-29T17:15:13
Towards best practices in AGI safety and governance: A survey of expert opinion,Evaluator 1,real_world,70.0,60.0,80.0,,2025-12-29T17:15:13
Universal Basic Income: Short-Term Results from a Long-Term Experiment in Kenya,Evaluator 1,adv_knowledge,93.0,70.0,100.0,,2025-12-29T17:15:13
Universal Basic Income: Short-Term Results from a Long-Term Experiment in Kenya,Evaluator 1,gp_relevance,90.0,80.0,100.0,,2025-12-29T17:15:13
Universal Basic Income: Short-Term Results from a Long-Term Experiment in Kenya,Evaluator 1,journal_predict,4.7,4.0,5.0,,2025-12-29T17:15:13
Universal Basic Income: Short-Term Results from a Long-Term Experiment in Kenya,Evaluator 1,logic_comms,80.0,70.0,90.0,,2025-12-29T17:15:13
Universal Basic Income: Short-Term Results from a Long-Term Experiment in Kenya,Evaluator 1,merits_journal,4.7,4.0,5.0,,2025-12-29T17:15:13
Universal Basic Income: Short-Term Results from a Long-Term Experiment in Kenya,Evaluator 1,methods,95.0,90.0,100.0,,2025-12-29T17:15:13
Universal Basic Income: Short-Term Results from a Long-Term Experiment in Kenya,Evaluator 1,open_sci,90.0,80.0,100.0,,2025-12-29T17:15:13
Universal Basic Income: Short-Term Results from a Long-Term Experiment in Kenya,Evaluator 1,overall,93.0,83.0,100.0,,2025-12-29T17:15:13
Universal Basic Income: Short-Term Results from a Long-Term Experiment in Kenya,Evaluator 1,real_world,90.0,80.0,100.0,,2025-12-29T17:15:13
Universal Basic Income: Short-Term Results from a Long-Term Experiment in Kenya,Evaluator 2,adv_knowledge,85.0,65.0,95.0,,2025-12-29T17:15:13
Universal Basic Income: Short-Term Results from a Long-Term Experiment in Kenya,Evaluator 2,gp_relevance,87.0,74.0,98.0,,2025-12-29T17:15:13
Universal Basic Income: Short-Term Results from a Long-Term Experiment in Kenya,Evaluator 2,journal_predict,4.0,2.5,5.0,,2025-12-29T17:15:13
Universal Basic Income: Short-Term Results from a Long-Term Experiment in Kenya,Evaluator 2,logic_comms,76.0,40.0,91.0,,2025-12-29T17:15:13
Universal Basic Income: Short-Term Results from a Long-Term Experiment in Kenya,Evaluator 2,merits_journal,4.0,2.5,5.0,,2025-12-29T17:15:13
Universal Basic Income: Short-Term Results from a Long-Term Experiment in Kenya,Evaluator 2,methods,85.0,63.0,95.0,,2025-12-29T17:15:13
Universal Basic Income: Short-Term Results from a Long-Term Experiment in Kenya,Evaluator 2,open_sci,30.0,10.0,75.0,,2025-12-29T17:15:13
Universal Basic Income: Short-Term Results from a Long-Term Experiment in Kenya,Evaluator 2,overall,85.0,65.0,95.0,,2025-12-29T17:15:13
Universal Basic Income: Short-Term Results from a Long-Term Experiment in Kenya,Evaluator 2,real_world,87.0,74.0,98.0,,2025-12-29T17:15:13
Water Treatment and Child Mortality: A Meta-analysis and Cost-effectiveness Analysis,Evaluator 2,adv_knowledge,65.0,45.0,85.0,,2025-12-29T17:15:13
Water Treatment and Child Mortality: A Meta-analysis and Cost-effectiveness Analysis,Evaluator 2,gp_relevance,50.0,25.0,75.0,,2025-12-29T17:15:13
Water Treatment and Child Mortality: A Meta-analysis and Cost-effectiveness Analysis,Evaluator 2,journal_predict,3.7,3.2,4.2,,2025-12-29T17:15:13
Water Treatment and Child Mortality: A Meta-analysis and Cost-effectiveness Analysis,Evaluator 2,logic_comms,95.0,90.0,100.0,,2025-12-29T17:15:13
Water Treatment and Child Mortality: A Meta-analysis and Cost-effectiveness Analysis,Evaluator 2,merits_journal,3.7,3.2,4.2,,2025-12-29T17:15:13
Water Treatment and Child Mortality: A Meta-analysis and Cost-effectiveness Analysis,Evaluator 2,methods,75.0,65.0,85.0,,2025-12-29T17:15:13
Water Treatment and Child Mortality: A Meta-analysis and Cost-effectiveness Analysis,Evaluator 2,open_sci,90.0,80.0,100.0,,2025-12-29T17:15:13
Water Treatment and Child Mortality: A Meta-analysis and Cost-effectiveness Analysis,Evaluator 2,overall,85.0,75.0,95.0,,2025-12-29T17:15:13
Water Treatment and Child Mortality: A Meta-analysis and Cost-effectiveness Analysis,Evaluator 2,real_world,50.0,25.0,75.0,,2025-12-29T17:15:13
Water Treatment and Child Mortality: A Meta-analysis and Cost-effectiveness Analysis,Hugh Sharma Waddington and Edoardo Masset,adv_knowledge,80.0,70.0,90.0,,2025-12-29T17:15:13
Water Treatment and Child Mortality: A Meta-analysis and Cost-effectiveness Analysis,Hugh Sharma Waddington and Edoardo Masset,gp_relevance,20.0,0.0,40.0,,2025-12-29T17:15:13
Water Treatment and Child Mortality: A Meta-analysis and Cost-effectiveness Analysis,Hugh Sharma Waddington and Edoardo Masset,journal_predict,3.5,2.0,5.0,,2025-12-29T17:15:13
Water Treatment and Child Mortality: A Meta-analysis and Cost-effectiveness Analysis,Hugh Sharma Waddington and Edoardo Masset,logic_comms,50.0,30.0,70.0,,2025-12-29T17:15:13
Water Treatment and Child Mortality: A Meta-analysis and Cost-effectiveness Analysis,Hugh Sharma Waddington and Edoardo Masset,merits_journal,2.5,2.0,3.0,,2025-12-29T17:15:13
Water Treatment and Child Mortality: A Meta-analysis and Cost-effectiveness Analysis,Hugh Sharma Waddington and Edoardo Masset,methods,50.0,40.0,60.0,,2025-12-29T17:15:13
Water Treatment and Child Mortality: A Meta-analysis and Cost-effectiveness Analysis,Hugh Sharma Waddington and Edoardo Masset,open_sci,50.0,20.0,70.0,,2025-12-29T17:15:13
Water Treatment and Child Mortality: A Meta-analysis and Cost-effectiveness Analysis,Hugh Sharma Waddington and Edoardo Masset,overall,50.0,40.0,60.0,,2025-12-29T17:15:13
Water Treatment and Child Mortality: A Meta-analysis and Cost-effectiveness Analysis,Hugh Sharma Waddington and Edoardo Masset,real_world,20.0,0.0,40.0,,2025-12-29T17:15:13
"When do ""Nudges"" Increase Welfare?",Evaluator 1,adv_knowledge,15.0,10.0,20.0,,2025-12-29T17:15:13
"When do ""Nudges"" Increase Welfare?",Evaluator 1,logic_comms,85.0,75.0,90.0,,2025-12-29T17:15:13
"When do ""Nudges"" Increase Welfare?",Evaluator 1,methods,80.0,50.0,90.0,,2025-12-29T17:15:13
"When do ""Nudges"" Increase Welfare?",Evaluator 1,open_sci,95.0,90.0,100.0,,2025-12-29T17:15:13
"When do ""Nudges"" Increase Welfare?",Evaluator 1,overall,85.0,70.0,95.0,,2025-12-29T17:15:13
"Yellow Vests, Pessimistic Beliefs, and Carbon Tax Aversion",yes,claims,90.0,,,,2025-12-29T17:15:13
"Yellow Vests, Pessimistic Beliefs, and Carbon Tax Aversion",yes,merits_journal,5.0,,,,2025-12-29T17:15:13
"Yellow Vests, Pessimistic Beliefs, and Carbon Tax Aversion",yes,methods,93.0,,,,2025-12-29T17:15:13
"Yellow Vests, Pessimistic Beliefs, and Carbon Tax Aversion",yes,overall,85.0,,,,2025-12-29T17:15:13
