label_paper_title,status,research_url,doi,main_cause_cat,secondary_cause_cat,publication_status,working_paper_release_date,topic_subfield,source_main
All Crises Are Unhappy in Their Own Way: The Role of Societal Instability in Shaping the Past,,https://doi.org/10.31235/osf.io/rk4gd,,,,,,,
"Social resilience to nuclear winter: lessons from the Late Antique Little Ice Age
",,https://www.tandfonline.com/doi/full/10.1080/23779497.2021.1963808#abstract,,"Catastrophic and existential risks,  the long-term future, forecasting",,Published in a journal (unsure about the journal positioning) ,,,
"Climate Endgame: Exploring catastrophic climate change scenarios
",,https://www.pnas.org/doi/10.1073/pnas.2108146119#sec-2,,"The Environment: Harm to human health, biodiversity, risks and climate change",,Published in a top journal,,GCRs,
All Crises are Unhappy in their Own Way: The role of societal instability in shaping the past,,https://osf.io/preprints/socarxiv/rk4gdhttps://osf.io/preprints/socarxiv/rk4gd,,"Catastrophic and existential risks,  the long-term future, forecasting",,"Working paper/mimeo, not published",,,
Misperceptions and Demand for Democracy under Authoritarianism,,https://www.nber.org/papers/w33018?utm_campaign=ntwh&utm_medium=email&utm_source=ntwg30,10.3386/w33018,"International cooperation and conflict, behavior of large governments; authoritarianism",,"Working paper/mimeo, not published",,Government accountability & misinformation,
The Effects of Firms' Lobbying on Resource Misallocation,,http://web.mit.edu/insong/www/pdf/misallocation.pdf,,"Other: Economics/welfare, growth, policy, global markets and population",,"Working paper/mimeo, not published",,Political economy,
A survey on inter-animal welfare comparisons,,https://docs.google.com/document/d/1n25m8kQgML-1k-jVVPG_cG275fTgYyl82umpIBM8JOg/edit,,"Attitudes and behaviors (Altruism, moral circles, animal consumption, effectiveness, political attitudes, etc.) [Psychology/behavioral economics adjacent group]",,"Working paper/mimeo, not published",,stijn.bruers@gmail.com,
The Impact of PhD Studies on Mental Health—A Longitudinal Population Study,,https://lucris.lub.lu.se/ws/portalfiles/portal/194583123/WP24_5,,"Innovation, meta-science, and research",,Working paper/mimeo; not published in a peer-reviewed journal,,,
Forest Protection and Human Health: The Case of Malaria in the Brazilian Amazon,01_Needs prioritization/assessor rating,https://ideas.repec.org/p/spa/wpaper/2023wpecon8.html,,Global health; “Health & well-being in low-income countries”,,Working paper/mimeo; not published in a peer-reviewed journal,,,
Separable Social Welfare Evaluation for Multi-Species Populations,02_final consideration needed,https://budolfson.github.io/files/ZuberSpearsBudolfsonAnimalsSeparability.pdf,,Markets for products with large externalities (focus: animal agriculture),"Other (Economics): Welfare, growth, policy, global markets & popn.",Working paper/mimeo; not published in a peer-reviewed journal,,,suggested - internally
"A Welfare Analysis of Policies
Impacting Climate Change",,https://policyimpacts.org/wp-content/uploads/2024/07/MVPF_Climate_Policy.pdf,,"The Environment: Harm to human health, biodiversity, risks and climate change",,Working paper/mimeo; not published in a peer-reviewed journal,,,
The Impact of PhD Studies on Mental Health—A Longitudinal Population Study,,https://lucris.lub.lu.se/ws/portalfiles/portal/194583123/WP24_5,,"Innovation, meta-science, and research",,"Working paper/mimeo, not published",,,
Unconditional Cash Transfers: A Bayesian Meta-Analysis of Randomized Evaluations in Low and Middle Income Countries,02_final consideration needed,,,Economic development & governance (LMICs),,,,,
Forest Protection and Human Health: The Case of Malaria in the Brazilian Amazon,,https://ideas.repec.org/p/spa/wpaper/2023wpecon8.html,,"GH&D,'Health-Related' Outcomes and Interventions in LMIC",,"Working paper/mimeo, not published",,Also falls into Env Econ,
Unconditional Cash Transfers: A Bayesian Meta-Analysis of Randomized Evaluations in Low and Middle Income Countries,,https://www.nber.org/papers/w32779,https://doi.org/10.3386/w32779,Economic development & governance (LMICs),,"Working paper/mimeo, not published",,Welfare,
Intergenerational Discounting and Inequality,deprioritized -- out of scope or other subjective judgment,https://www.researchgate.net/publication/381520539_Intergenerational_Discounting_and_Inequality,doi.org/10.13140/RG.2.2.18112.14080,"The Environment: Harm to human health, biodiversity, risks and climate change","Other (Economics): Welfare, growth, policy, global markets & popn.",Working paper/mimeo; not published in a peer-reviewed journal,,Environment/Environment and Resource economics,
"Therapy, Mental Health, and Human Capital Accumulation among Adolescents in Uganda",02_final consideration needed,https://documents1.worldbank.org/curated/en/099552207102441963/pdf/IDU1007db5cd16b2f146811a516124d1708f3085.pdf,,Economic development & governance (LMICs),Global health; “Health & well-being in low-income countries”,Working paper/mimeo; not published in a peer-reviewed journal,2024-07-01T00:00:00.000-04:00,,
Interventions that influence animal-product consumption: A meta-review ,01_Needs prioritization/assessor rating,https://www.sciencedirect.com/science/article/pii/S2666833521000976,,"Attitudes and behaviors (Altruism, moral circles, animal consumption, effectiveness, political attitudes, etc.) [Psychology/behavioral economics adjacent group]",Markets for products with large externalities (focus: animal agriculture),"Published, ? journal",,,internal-NBER
Deadweight Losses or Gains from In-kind Transfers? Experimental Evidence from India,02_final consideration needed,https://monash-econ-wps.s3.amazonaws.com/RePEc/mos/moswps/2022-10.pdf,,Development Economics,,Working paper/mimeo; not published in a peer-reviewed journal,,Cash transfers,
"Delegation Risk and Implementation at Scale:
Evidence from a Migration Loan Program in Bangladesh",01_Needs prioritization/assessor rating,https://ashishenoy.github.io/Website/Paper_NLS_Evaluation.pdf,,Economic development & governance (LMICs),,Working paper/mimeo; not published in a peer-reviewed journal,2024-05-15T00:00:00.000-04:00,Development/Development Economics,
"Machine learning predicts which rivers, streams, and wetlands the Clean Water Act regulates","de-prioritized bc. of journal-publication status, authors permission, etc.",https://www.ncbi.nlm.nih.gov/pmc/articles/PMC11008676/,https://doi.org/10.1126/science.adi3794,"The Environment: Harm to human health, biodiversity, risks and climate change",,"Published, ~top journal",2024-01-25T00:00:00.000-05:00,"Environmental science,Environment/Environment and Resource economics",
The Macroeconomic Impact of Climate Change: Global vs. Local Temperature ,10_seeking_(more)_evaluators,https://dkaenzig.github.io/diegokaenzig.com/Papers/bk_micc.pdf,,"The Environment: Harm to human health, biodiversity, risks and climate change",,Working paper/mimeo; not published in a peer-reviewed journal,2024-08-01T00:00:00.000-04:00,,
The global potential for natural regeneration in deforested tropical regions,01_Needs prioritization/assessor rating,https://www.researchsquare.com/article/rs-3235955/v1,https://doi.org/10.21203/rs.3.rs-3235955/v1,"The Environment: Harm to human health, biodiversity, risks and climate change",,Working paper/mimeo; not published in a peer-reviewed journal,,,
China and the U.S. produce more impactful AI research when collaborating together,01_Needs prioritization/assessor rating,https://arxiv.org/abs/2304.11123,https://doi.org/10.48550/arXiv.2304.11123,Emerging technologies: social and economic impacts (focus: AI),,Working paper/mimeo; not published in a peer-reviewed journal,2023-04-21T00:00:00.000-04:00,,
Adjusting for Scale-Use Heterogeneity in Self-Reported Well-Being,02_final consideration needed,https://www.nber.org/papers/w31728,doi.org/10.3386/w31728,"Health and well-being (global, including wealthy countries)","Other (Economics): Welfare, growth, policy, global markets & popn.",Working paper/mimeo; not published in a peer-reviewed journal,2023-12-01T00:00:00.000-05:00,well-being,
Asymmetry in Civic Information: An Experiment on Tax Participation among Informal Firms in Togo,02_final consideration needed,https://novafrica.org/wp-content/uploads/2021/11/2021.12.10_Moussa-Blimpo.pdf,https://novafrica.org/wp-content/uploads/2021/11/2021.12.10_Moussa-Blimpo.pdf,Economic development & governance (LMICs),,Unpublished,2021-10-01T00:00:00.000-04:00,"causal inference,Development/Development Economics,Economics of Information,Firm Behavior,Taxation",
The Effect of Public Science on Corporate R&D,04_selected_choose_evaluation_manager,https://www.nber.org/papers/w31899,doig.org/10.3386/w31899,"Innovation, meta-science, and research",,Working paper/mimeo; not published in a peer-reviewed journal,2023-11-01T00:00:00.000-04:00,Innovation and R&D,
"Social Safety Nets, Women’s Economic
Achievements and Agency",02_final consideration needed,https://www.cgdev.org/sites/default/files/social-safety-nets-womens-economic-achievements-and-agency-systematic-review-and-meta.pdf,,Economic development & governance (LMICs),,Working paper/mimeo; not published in a peer-reviewed journal,2024-03-05T00:00:00.000-05:00,"Poverty and Wellbeing,cash grants,Development/Development Economics",
Resilience Reconsidered: The need for modelling resilience in food distribution and trade relations in post-nuclear war recovery,01_Needs prioritization/assessor rating,https://www.researchgate.net/publication/378825936_Resilience_Reconsidered_The_need_for_modelling_resilience_in_food_distribution_and_trade_relations_in_post-nuclear_war_recovery/link/65f413561f0aec67e29005dc/download?_tp=eyJjb250ZXh0Ijp7ImZpcnN0UGFnZSI6InB1YmxpY2F0aW9uRGlyZWN0b3J5IiwicGFnZSI6InB1YmxpY2F0aW9uIn19,10.13140/RG.2.2.10760.23043/1,"Catastrophic and existential risks,  the long-term future, forecasting",,Working paper/mimeo; not published in a peer-reviewed journal,,"Environment/Environment and Resource economics,Globalization and International Relations/Global policy,Food Systems/Food Security,Policymaker decision-making,International trade and welfare,Environmental science",
Partisan Disparities in the Use of Science in Policy,02_final consideration needed,https://www.ipr.northwestern.edu/our-work/working-papers/2024/wp-24-05.html,,"Innovation, meta-science, and research",,Working paper/mimeo; not published in a peer-reviewed journal,2024-01-29T00:00:00.000-05:00,the economics of science and innovation,
Quantifying the Benefit of Artificial Intelligence for Scientific Research,02_final consideration needed,https://arxiv.org/abs/2304.10578,https://doi.org/10.48550/arXiv.2304.10578,Emerging technologies: social and economic impacts (focus: AI),"Catastrophic & existential risks, the long-term future, forecasting",Working paper/mimeo; not published in a peer-reviewed journal,2023-04-17T00:00:00.000-04:00,Innovation and R&D,
When Product Markets Become Collective Traps: The Case of Social Media,02_final consideration needed,https://bfi.uchicago.edu/wp-content/uploads/2023/10/BFI_WP_2023-131.pdf,10.3386/w31771,"Other: Economics/welfare, growth, policy, global markets and population",,Working paper/mimeo; not published in a peer-reviewed journal,2023-10-01T00:00:00.000-04:00,"Welfare and collective choice,consumer preferences",
The role of autonomous experimentation in biomedical sciences and health innovation: Challenges and opportunities in emerging economies,,https://papers.ssrn.com/sol3/papers.cfm?abstract_id=4672439,"GonçalvesLeoneldaSilva,Renan,Theroleofautonomousexperimentationinbiomedicalsciencesandhealthinnovation:Challengesandopportunitiesinemergingeconomies(January3,2024).AvailableatSSRN:https://ssrn.com/abstract=4672439orhttp://dx.doi.org/10.2139/ssrn.4672439",Emerging technologies: social and economic impacts (focus: AI),Economic development & governance (LMICs),Working paper/mimeo; not published in a peer-reviewed journal,2024-01-07T00:00:00.000-05:00,Innovation and R&D,
Willful Ignorance and Moral Behavior,"50_published evaluations (on PubPub, by Unjournal)",https://papers.ssrn.com/sol3/papers.cfm?abstract_id=3938994,,Markets for products with large externalities (focus: animal agriculture),Markets for products with large externalities (focus: animal agriculture),Working paper/mimeo; not published in a peer-reviewed journal,,animal welfare,
Welfare costs of catastrophes: lost consumption and lost lives,01_Needs prioritization/assessor rating,https://mitsloan.mit.edu/shared/ods/documents?PublicationDocumentID=7763,,"Catastrophic and existential risks,  the long-term future, forecasting","Other (Economics): Welfare, growth, policy, global markets & popn.","Published, ~top journal",,,internal-from-syllabus-agenda-policy-database
Meta-Analysis and Public Policy: Reconciling the Evidence on Deworming,"de-prioritized bc. of journal-publication status, authors permission, etc.",https://scholar.harvard.edu/files/kcroke/files/nber_deworming_2022.pdf,,Global health; “Health & well-being in low-income countries”,Economic development & governance (LMICs),Working paper/mimeo; not published in a peer-reviewed journal,,Health Policy/Health economics,suggested - externally - NGO
Legalizing Entrepreneurship,"50_published evaluations (on PubPub, by Unjournal)",https://www.nber.org/papers/w30624,,Economic development & governance (LMICs),"Other (Economics): Welfare, growth, policy, global markets & popn.",Working paper/mimeo; not published in a peer-reviewed journal,2022-11-01T00:00:00.000-04:00,"Development/Development Economics,Labor Economics,Labor Supply and Demand,Other,Law and Economics,Industrial Organization,Firm Behavior,Migration",internal-NBER
Challenges in Constructing a Survey-Based Well-Being Index,deprioritized -- low ratings,https://www.nber.org/papers/w23111,,Empirical methods,Economic development & governance (LMICs),"Published, ~top journal",,"Econometrics,Data Collection,Microeconomics,Health, Education, and Welfare,Poverty and Wellbeing",suggested - internally
"Utilitarianism for animals, Kantianism for people.  Harming Animals and Humans for the Greater Good.",deprioritized -- low ratings,http://files.luciuscaviola.com/Caviola-et-al_2020_JEPG.pdf,,"Attitudes and behaviors (Altruism, moral circles, animal consumption, effectiveness, political attitudes, etc.) [Psychology/behavioral economics adjacent group]",Markets for products with large externalities (focus: animal agriculture),"published, decent journal ",,,suggested - externally
Does Conservation Work in General Equilibrium?,"50_published evaluations (on PubPub, by Unjournal)",https://www.dropbox.com/scl/fi/0uv69awcp37tkaozdlmm7/ConservationGeneralEquilibrium_SalazarRestrepo_LeiteMariante_20240312.pdf?rlkey=9e2nx6h50xbaiji94tattvpsn&dl=0,,"Other: Economics/welfare, growth, policy, global markets and population","The Environment: Harm to human health, biodiversity, risks & climate,Markets for products with large externalities (focus: animal agriculture)",Working paper/mimeo; not published in a peer-reviewed journal,2023-12-08T00:00:00.000-05:00,Environment/Environment and Resource economics,
Averting Catastrophes that Kill,"de-prioritized bc. of journal-publication status, authors permission, etc.",https://www.nber.org/system/files/working_papers/w23346/w23346.pdf,,"Other: Theory and philosophy, artificial intelligence, natural science, etc.",,Working paper/mimeo; not published in a peer-reviewed journal,,"Microeconomics,Economics of Information,Public Economics,National Fiscal Issues,Environment/Environment and Resource economics",internal-NBER
When Celebrities Speak: A Nationwide Twitter Experiment Promoting Vaccination In Indonesia,"50_published evaluations (on PubPub, by Unjournal)",https://web.stanford.edu/~arungc/ACMOP.pdf,,Global health; “Health & well-being in low-income countries”,"Communicable diseases, bio-security & pandemic preparedness, biological risks",Working paper/mimeo; not published in a peer-reviewed journal,2019-02-25T00:00:00.000-05:00,"Microeconomics,Economics of Information,Health, Education, and Welfare,Development and Growth,Innovation and R&D,Health Policy/Health economics",internal-NBER
Rationalizing risk aversion in science,01_Needs prioritization/assessor rating,https://arxiv.org/abs/2306.13816,https://doi.org/10.48550/arXiv.2306.13816,"Innovation, meta-science, and research","Other (Economics): Welfare, growth, policy, global markets & popn.","Published, ~top journal",2023-06-23T00:00:00.000-04:00,"Metascience,the economics of science and innovation",suggested - internally
Is Power-Seeking AI an Existential Risk?,deprioritized -- low ratings,https://arxiv.org/abs/2206.13353,,"Catastrophic and existential risks,  the long-term future, forecasting",,Working paper/mimeo; not published in a peer-reviewed journal,,,suggested - externally - NGO
Mental health improves on sunnier days of the year.,deprioritized -- low ratings,https://osf.io/bj4kr/,,"Health and well-being (global, including wealthy countries)",Possible category: more ‘economics’ treatment of preferences for giving and ‘ethical/donation-linked’ choices; implications of these preferences; donor coordination etc.,Working paper/mimeo; not published in a peer-reviewed journal,,,submitted (by author(s))
Economic vs. Epidemiological Approaches to Measuring the Human Capital Impacts of Infectious Disease Elimination,"50_published evaluations (on PubPub, by Unjournal)",https://www.nber.org/papers/w30202,,Global health; “Health & well-being in low-income countries”,Economic development & governance (LMICs),Working paper/mimeo; not published in a peer-reviewed journal,2022-07-01T00:00:00.000-04:00,Health Policy/Health economics,
The AI dilemma: Growth versus existential risk,deprioritized -- low ratings,https://www.nber.org/papers/w31837,,"Catastrophic and existential risks,  the long-term future, forecasting","Other (Economics): Welfare, growth, policy, global markets & popn.",Working paper/mimeo; not published in a peer-reviewed journal,,,suggested - internally
No Great Equalizer: Experimental Evidence on AI in the UK Labor Market,deprioritized -- low ratings,https://papers.ssrn.com/sol3/papers.cfm?abstract_id=4594466,http://dx.doi.org/10.2139/ssrn.4594466,Emerging technologies: social and economic impacts (focus: AI),,Working paper/mimeo; not published in a peer-reviewed journal,2023-11-02T00:00:00.000-04:00,Labor Economics,
Money (Not) to Burn: Payments for Ecosystem Services to Reduce Crop Residue Burning,"50_published evaluations (on PubPub, by Unjournal)",https://seemajayachandran.com/money_not_to_burn.pdf,,Economic development & governance (LMICs),"The Environment: Harm to human health, biodiversity, risks & climate",Working paper/mimeo; not published in a peer-reviewed journal,2022-08-11T00:00:00.000-04:00,"Health, Education, and Welfare",suggested - externally - NGO
Selecting the Most Effective Nudge: Evidence from a Large-Scale Experiment on Immunization,"50_published evaluations (on PubPub, by Unjournal)",https://arxiv.org/abs/2104.09645v2,,Global health; “Health & well-being in low-income countries”,,Published - CHECK,,"Global Health/ interventions,Policy",suggested - externally - NGO
A systematic review and meta-analysis of the impact of cash transfers on subjective well-being and mental health in low- and middle-income countries`,01_Needs prioritization/assessor rating,https://www.nature.com/articles/s41562-021-01252-z,,Global health; “Health & well-being in low-income countries”,Economic development & governance (LMICs),"published, decent journal ",,,
The Past and Future of Economic Growth: A Semi-Endogenous Perspective,01_Needs prioritization/assessor rating,https://www.nber.org/papers/w29126,,"Other: Economics/welfare, growth, policy, global markets and population",,"published, decent journal ",,"Development and Growth,Policy",internal-NBER
How Will Hen Welfare Be Impacted by the Transition to Cage-Free Housing?,deprioritized -- low ratings,https://www.openphilanthropy.org/research/how-will-hen-welfare-be-impacted-by-the-transition-to-cage-free-housing/,,Markets for products with large externalities (focus: animal agriculture),,Published - CHECK,,animal welfare,suggested - externally - NGO
"The Long-Run Effects of Psychotherapy on Depression, Beliefs, and Economic Outcomes","50_published evaluations (on PubPub, by Unjournal)",https://jondequidt.com/pdfs/psychotherapy-depression.pdf,,Global health; “Health & well-being in low-income countries”,"Health & well-being (global, incl. wealthy countries) ,Attitudes & behaviors (Altruism, moral circles,  effectiveness, political, etc.) [Psych/BE-adjacent ],Economic development & governance (LMICs)",Working paper/mimeo; not published in a peer-reviewed journal,2023-01-31T00:00:00.000-05:00,"Mental Health Interventions,Global Health/ interventions",suggested - externally - NGO
Monetary incentives increase COVID-19 vaccinations,01_Needs prioritization/assessor rating,https://www.science.org/doi/10.1126/science.abm0475?cookieSet=1,,"Communicable diseases, bio-security and pandemic preparedness, biological risks","Other (Economics): Welfare, growth, policy, global markets & popn.","Published, ~top journal",,Health Policy/Health economics,submitted (by author(s))
How Much Would Reducing Lead Exposure Improve Children’s Learning in the Developing World?,"50_published evaluations (on PubPub, by Unjournal)",https://www.cgdev.org/sites/default/files/how-much-would-reducing-lead-exposure-improve-childrens-learning-developing-world.pdf,,Global health; “Health & well-being in low-income countries”,,Working paper/mimeo; not published in a peer-reviewed journal,2023-07-01T00:00:00.000-04:00,"Health, Education, and Welfare",suggested - externally
The Psychology of Existential Risk: Moral Judgments about Human Extinction,01_Needs prioritization/assessor rating,https://www.nature.com/articles/s41598-019-50145-9,,"Attitudes and behaviors (Altruism, moral circles, animal consumption, effectiveness, political attitudes, etc.) [Psychology/behavioral economics adjacent group]",,"published, decent journal ",,,internal-from-syllabus-agenda-policy-database
Seeking Evidence: Which Studies Do Policymakers Prefer?,authors rejected/blocked us,,,"Other: Economics/welfare, growth, policy, global markets and population",,,,"Global Health/ interventions,Policymaker decision-making,expert beliefs, prediction markets, etc.",suggested - internally
Bardhan’s Targeting the Hard Core Poor Program: A qualitative study on participants’ ascent out of extreme poverty,deprioritized -- low ratings,https://www.findevgateway.org/sites/default/files/publications/files/bandhan-thp-_a_qualitative_study_on_participants_ascent_out_of_extreme_poverty_.pdf,,Economic development & governance (LMICs),,,,,suggested - internally
The end of economic growth? Unintended consequences of a declining population,01_Needs prioritization/assessor rating,https://www.nber.org/papers/w26651,,"Other: Economics/welfare, growth, policy, global markets and population",,"Published, ~top journal",,"Development and Growth,Policy",internal-NBER
Should Aid Reward Performance? Evidence from a Field Experiment on Health and Education in Indonesia,01_Needs prioritization/assessor rating,https://citeseerx.ist.psu.edu/document?repid=rep1&type=pdf&doi=d8c3c3552bb19ba8c2c667e3d795fdfd940f0e8f,,Economic development & governance (LMICs),Global health; “Health & well-being in low-income countries”,"Published, ~top journal",,,suggested - externally
Frontier AI Regulation,deprioritized -- low ratings,https://arxiv.org/abs/2307.03718,https://doi.org/10.48550/arXiv.2307.03718,Emerging technologies: social and economic impacts (focus: AI),,Working paper/mimeo; not published in a peer-reviewed journal,2023-11-07T00:00:00.000-05:00,AI Alignment,
Artificial Intelligence and Economic Growth,"50_published evaluations (on PubPub, by Unjournal)",https://www.nber.org/papers/w23928,,Emerging technologies: social and economic impacts (focus: AI),"Other (Economics): Welfare, growth, policy, global markets & popn.","Published, uncertain peer review",2017-10-01T00:00:00.000-04:00,"Development and Growth,Innovation and R&D,Policy",internal-from-syllabus-agenda-policy-database
Quadratic Funding with Incomplete Information,deprioritized -- low ratings,https://globalprioritiesinstitute.org/wp-content/uploads/Luis-V.-M.-Freitas-Wilfredo-L.-Maldonado-Quadratic-Funding-with-Incomplete-Information.pdf,,"Other: Economics/welfare, growth, policy, global markets and population",,Working paper/mimeo; not published in a peer-reviewed journal,,,suggested - internally
The Impact of Artificial Intelligence on Innovation,deprioritized -- low ratings,nber.org/papers/w24449,,Emerging technologies: social and economic impacts (focus: AI),"Innovation, meta-science, & research",book chapter,,"Industrial Organization,Market Structure and Firm Performance",internal-NBER
Saving for a lean Season,authors rejected/blocked us,https://www.dropbox.com/s/u3zah3pxm9vtnm0/Saving%20for%20a%20lean%20Season.pdf?dl=0,,Economic development & governance (LMICs),Global health; “Health & well-being in low-income countries”,Working paper/mimeo; not published in a peer-reviewed journal,,,submitted (by author(s))
AI-tocracy,02_final consideration needed,https://core.ac.uk/download/511315653.pdf,,Emerging technologies: social and economic impacts (focus: AI),"International cooperation & conflict, government behavior,  authoritarianism","Published, ~top journal",,"Industrial Organization,Development and Growth,Innovation and R&D,Economic Systems,Policy",internal-NBER
Artificial Intelligence and the Modern Productivity Paradox: A Clash of Expectations and Statistics,deprioritized -- low ratings,https://www.nber.org/papers/w24001,,Emerging technologies: social and economic impacts (focus: AI),"Other (Economics): Welfare, growth, policy, global markets & popn.",Working paper/mimeo; not published in a peer-reviewed journal,,"Development and Growth,Microeconomics,Innovation and R&D,Policy",internal-NBER
A synthesis of evidence for policy from behavioural science during COVID-19,deprioritized -- low ratings,https://www.nature.com/articles/s41586-023-06840-9,,"Innovation, meta-science, and research","Communicable diseases, bio-security & pandemic preparedness, biological risks","Published, ~top journal",,"Attitudes and behaviors (Altruism, moral circles, animal consumption, effectiveness, political attitudes, etc.),attitudes/behavioral",
Laboratory Safety and Research Productivity,02_final consideration needed,https://www.hbs.edu/ris/Publication%20Files/22-072_fcb4ee52-5af5-4c82-976a-dd47cf054218.pdf,,"Innovation, meta-science, and research","Catastrophic & existential risks, the long-term future, forecasting","Published, uncertain peer review",,,internal-NBER
The Governance Of Non-Profits And Their Social Impact: Evidence From A Randomized Program In Healthcare In DRC,"50_published evaluations (on PubPub, by Unjournal)",https://www.nber.org/system/files/working_papers/w30391/w30391.pdf,,Global health; “Health & well-being in low-income countries”,Economic development & governance (LMICs),Working paper/mimeo; not published in a peer-reviewed journal,2022-08-29T00:00:00.000-04:00,"Health, Education, and Welfare,Education,Development and Growth,Development/Development Economics,Health Policy/Health economics",internal-NBER
Happiness for the whole family,03_awaiting authors' consent (where needed) or imminent update,https://www.happierlivesinstitute.org/report/happiness-for-the-whole-family/,,Economic development & governance (LMICs),"Other (Economics): Welfare, growth, policy, global markets & popn.,Attitudes & behaviors (Altruism, moral circles,  effectiveness, political, etc.) [Psych/BE-adjacent ]",Working paper/mimeo; not published in a peer-reviewed journal,,,suggested - externally
Effects of Emigration on Rural Labor Markets,"50_published evaluations (on PubPub, by Unjournal)","https://www.nber.org/papers/w23929#:~:text=Emigration%20could%20benefit%20landless%20village,productivity%20if%20skilled%20workers%20leave",,Economic development & governance (LMICs),"Other (Economics): Welfare, growth, policy, global markets & popn.",Working paper/mimeo; not published in a peer-reviewed journal,,"Development/Development Economics,Development and Growth,Regional and Urban Economics,Migration",internal-NBER
"International AI Institutions: A Literature Review of Models, Examples, and Proposals",deprioritized -- low ratings,https://papers.ssrn.com/sol3/papers.cfm?abstract_id=4579773,,"Catastrophic and existential risks,  the long-term future, forecasting",,Published - CHECK,,,suggested - internally
"Policies, Projections, and the Social Cost of Carbon: Results from the DICE-2023 Model",deprioritized -- low ratings,https://www.nber.org/papers/w31112,,"The Environment: Harm to human health, biodiversity, risks and climate change",,"Published, ~top journal",,,internal-NBER
Water Treatment and Child Mortality: A Meta-analysis and Cost-effectiveness Analysis,"50_published evaluations (on PubPub, by Unjournal)",https://bfi.uchicago.edu/wp-content/uploads/2023/01/BFI_WP_2022-26-2.pdf,,Global health; “Health & well-being in low-income countries”,,Working paper/mimeo; not published in a peer-reviewed journal,,Health Policy/Health economics,suggested - externally - NGO
Cognitive behavior therapy reduces crime and violence over 10 years: Experimental evidence,02_final consideration needed,https://osf.io/preprints/socarxiv/q85ux/,,Economic development & governance (LMICs),Economic development & governance (LMICs),Published - CHECK,,,suggested - internally
Serendipity in Science,deprioritized -- low ratings,https://arxiv.org/abs/2308.07519,https://doi.org/10.48550/arXiv.2308.07519,"Innovation, meta-science, and research",,Working paper/mimeo; not published in a peer-reviewed journal,2023-08-15T00:00:00.000-04:00,Metascience,
Incentives and Creativity: Evidence from the Academic Life Sciences,02_final consideration needed,https://www.nber.org/papers/w15466,,"Innovation, meta-science, and research",,"published, decent journal ",,"Development and Growth,Innovation and R&D",internal-NBER
The Comparative Impact of Cash Transfers and a Psychotherapy Program on Psychological and Economic Well-being,"50_published evaluations (on PubPub, by Unjournal)",https://www.nber.org/papers/w28106,,Global health; “Health & well-being in low-income countries”,Economic development & governance (LMICs),Working paper/mimeo; not published in a peer-reviewed journal,2020-11-21T00:00:00.000-05:00,"Econometrics,Experimental Design/Experimental economics,Microeconomics,Behavioral Economics,Development and Growth,Development/Development Economics",internal-NBER
"Artificial intelligence, globalization, and strategies for economic development",deprioritized -- low ratings,https://www.nber.org/papers/w28453,,Emerging technologies: social and economic impacts (focus: AI),Economic development & governance (LMICs),Working paper/mimeo; not published in a peer-reviewed journal,,"International Economics,Globalization and International Relations/Global policy,Development and Growth,Innovation and R&D",internal-NBER
Cash Can Make Its Absence Felt: Randomizing Unconditional Cash Transfer Amounts in the US,20_awaiting_evaluations,https://papers.ssrn.com/sol3/papers.cfm?abstract_id=4154000,,"Other: Economics/welfare, growth, policy, global markets and population",,Working paper/mimeo; not published in a peer-reviewed journal,2022-12-19T00:00:00.000-05:00,,suggested - externally
Losing target: Randomized environmental inspections and law enforcement efficiency,"de-prioritized bc. of journal-publication status, authors permission, etc.",,,"The Environment: Harm to human health, biodiversity, risks and climate change",,,2024-06-24T00:00:00.000-04:00,"Environment/Environment and Resource economics,Policy",submitted (by author(s))
When do “Nudges” Increase Welfare?,"50_published evaluations (on PubPub, by Unjournal)",https://www.nber.org/papers/w30740,,"Other: Economics/welfare, growth, policy, global markets and population","Attitudes & behaviors (Altruism, moral circles,  effectiveness, political, etc.) [Psych/BE-adjacent ],Other (Economics): Welfare, growth, policy, global markets & popn.",Working paper/mimeo; not published in a peer-reviewed journal,2022-12-12T00:00:00.000-05:00,"Attitudes and behaviors (Altruism, moral circles, animal consumption, effectiveness, political attitudes, etc.)",
"Merit, Inequality, and Opportunity: The Impact of Malawi’s Secondary Schools",deprioritized -- low ratings,https://www.cgdev.org/sites/default/files/merit-inequality-and-opportunity-impact-malawis-selective-secondary-schools.pdf,,Economic development & governance (LMICs),,Working paper/mimeo; not published in a peer-reviewed journal,,,
"Global Risk, Non-Bank Financial Intermediation, and Emerging Market Vulnerabilities",01_Needs prioritization/assessor rating,https://www.annualreviews.org/content/journals/10.1146/annurev-economics-082222-074901,,"Other: Economics/welfare, growth, policy, global markets and population",Economic development & governance (LMICs),"published, decent journal ",,,internal-NBER
Long-term cost-effectiveness of interventions for loss of electricity/industry compared to artificial general intelligence safety,deprioritized -- low ratings,https://eujournalfuturesresearch.springeropen.com/articles/10.1186/s40309-021-00178-z,,Emerging technologies: social and economic impacts (focus: AI),,"Published, ? journal",,,submitted (by author(s))
The Benefits and Costs of Guest Worker Programs: Experimental Evidence From the India-UAE Migration Corridor,"50_published evaluations (on PubPub, by Unjournal)",https://www.nber.org/papers/w31354,,Economic development & governance (LMICs),,Working paper/mimeo; not published in a peer-reviewed journal,2023-06-19T00:00:00.000-04:00,"Labor Economics,Migration",internal-NBER
Health Knowledge and Non-Pharmaceutical Interventions During the COVID-19 Pandemic in Africa,01_Needs prioritization/assessor rating,https://www.nber.org/papers/w28316,,Global health; “Health & well-being in low-income countries”,"Catastrophic & existential risks, the long-term future, forecasting","published, decent journal ",,"Health, Education, and Welfare,Development/Development Economics,Development and Growth,Covid-19,Health Policy/Health economics",internal-NBER
Longer-run Economic Consequences of Pandemics,01_Needs prioritization/assessor rating,https://www.nber.org/papers/w26934,,"Catastrophic and existential risks,  the long-term future, forecasting","Other (Economics): Welfare, growth, policy, global markets & popn.","Published, ~top journal",,"International Economics,Covid-19",internal-NBER
The Environmental Effects of Economic Production: Evidence from Ecological Observations,"50_published evaluations (on PubPub, by Unjournal)",10,,Economic development & governance (LMICs),"The Environment: Harm to human health, biodiversity, risks & climate",Working paper/mimeo; not published in a peer-reviewed journal,2021-10-11T00:00:00.000-04:00,"Development and Growth,Renewable Resources,Environment/Environment and Resource economics,Policy",internal-NBER
"Top Talent, Elite Colleges, and Migration: Evidence from the Indian Institutes of Technology",01_Needs prioritization/assessor rating,https://www.nber.org/papers/w31308,,"Other: Economics/welfare, growth, policy, global markets and population",Economic development & governance (LMICs),"published, decent journal ",,Migration,internal-NBER
Building Resilient Education Systems: Evidence from Large-Scale Randomized Trials in Five Countries,30_contacting/awaiting_authors_response_to_evaluation,https://static1.squarespace.com/static/60d0c05ace34212ef5a1131b/t/645a72201a2a280635acb739/1683649057454/Angrist_Ainomugisha_Bathena_Bergman_et-al_Building-Resilient-Education-Systems_2023.pdf,,Economic development & governance (LMICs),Global health; “Health & well-being in low-income countries”,Working paper/mimeo; not published in a peer-reviewed journal,,,internal-NBER
"Forced Displacement, Mental Health, and Child Development: Evidence from the Rohingya Refugees",authors rejected/blocked us,https://www.povertyactionlab.org/sites/default/files/research-paper/wp9686_Forced-Displacement-Mental-Health-Rohingya-Refugees_Oct2022.pdf,,Global health; “Health & well-being in low-income countries”,"Attitudes & behaviors (Altruism, moral circles,  effectiveness, political, etc.) [Psych/BE-adjacent ]",book chapter,,"Global Health/ interventions,Mental Health Interventions",suggested - externally - NGO
Dust pollution from the Sahara and African infant mortality,01_Needs prioritization/assessor rating,https://web.stanford.edu/~mburke/papers/heftneal_et_al_dust_2020.pdf,,Global health; “Health & well-being in low-income countries”,,"published, decent journal ",,"Development and Growth,Development/Development Economics,Environment/Environment and Resource economics",internal-NBER
Draft report on AI timelines,deprioritized -- low ratings,https://www.lesswrong.com/posts/KrJfoZzpSDpnrv9va/draft-report-on-ai-timelines,,"Catastrophic and existential risks,  the long-term future, forecasting",,Working paper/mimeo; not published in a peer-reviewed journal,,,suggested - externally - NGO
Generative AI at Work,deprioritized -- low ratings,https://www.nber.org/system/files/working_papers/w31161/w31161.pdf,,Emerging technologies: social and economic impacts (focus: AI),"Other (Economics): Welfare, growth, policy, global markets & popn.",Published - CHECK,,,internal-NBER
The Elasticity of Science,02_final consideration needed,https://www.kylemyers.org/_files/ugd/73b908_0a793223c0a644bc8ce519636abdc456.pdf,https://www.kylemyers.org/_files/ugd/73b908_0a793223c0a644bc8ce519636abdc456.pdf,"Innovation, meta-science, and research",,"Published, ~top journal",,,
Choose Your Moments: Peer Review and Scientific Risk Taking,04_selected_choose_evaluation_manager,https://www.nber.org/system/files/working_papers/w31409/w31409.pdf,,"Innovation, meta-science, and research",,Working paper/mimeo; not published in a peer-reviewed journal,,,
The Wandering Scholars: Understanding the Heterogeneity of University Commercialization,02_final consideration needed,https://www.hbs.edu/faculty/Pages/item.aspx?num=65320,https://doi.org/10.3386/w32069,"Innovation, meta-science, and research",,Working paper/mimeo; not published in a peer-reviewed journal,2024-01-18T00:00:00.000-05:00,"Metascience,Innovation and R&D,the economics of science and innovation",
Animals and Social Welfare,02_final consideration needed,https://papers.ssrn.com/sol3/papers.cfm?abstract_id=4113271,,Markets for products with large externalities (focus: animal agriculture),"Other (Economics): Welfare, growth, policy, global markets & popn.","published, decent journal ",2024-04-23T00:00:00.000-04:00,"animal welfare,Agriculture/ Ag econ",
Behavioral Evidence for Global Consciousness Transcending National Parochialism,01_Needs prioritization/assessor rating,https://www.researchgate.net/publication/370908621_Behavioral_Evidence_for_Global_Consciousness_Transcending_National_Parochialism,,"Attitudes and behaviors (Altruism, moral circles, animal consumption, effectiveness, political attitudes, etc.) [Psychology/behavioral economics adjacent group]",,Working paper/mimeo; not published in a peer-reviewed journal,,,
Giving farm animals a name and a face: Eliciting animal advocacy among omnivores using the identifiable victim effect,01_Needs prioritization/assessor rating,https://osf.io/preprints/psyarxiv/ybpm4,,"Attitudes and behaviors (Altruism, moral circles, animal consumption, effectiveness, political attitudes, etc.) [Psychology/behavioral economics adjacent group]",,Published: Psychology journal,,,
"Ends versus Means: Kantians, Utilitarians, and Moral Decisions",02_final consideration needed,https://luca-henkel.github.io/papers/Moral_Ends_Means.pdf,https://doi.org/10.3386/w32073,"Other: Theory and philosophy, artificial intelligence, natural science, etc.","Attitudes & behaviors (Altruism, moral circles,  effectiveness, political, etc.) [Psych/BE-adjacent ]",Working paper/mimeo; not published in a peer-reviewed journal,2024-01-29T00:00:00.000-05:00,"Attitudes and behaviors (Altruism, moral circles, animal consumption, effectiveness, political attitudes, etc.)",
Digital Information Provision and Behavior Change: Lessons from Six Experiments in East Africa,02_final consideration needed,https://www.nber.org/papers/w32048#fromrss,10.3386/w32048,Economic development & governance (LMICs),,Working paper/mimeo; not published in a peer-reviewed journal,2024-01-01T00:00:00.000-05:00,"Development and Growth,Agriculture/ Ag econ",
"A Framework for Economic Growth with Capital-Embodied Technical Change
",02_final consideration needed,https://www.nber.org/papers/w30459,,"Other: Economics/welfare, growth, policy, global markets and population",,Working paper/mimeo; not published in a peer-reviewed journal,,,
Long-term effects of lead,deprioritized -- low ratings,https://www.nber.org/papers/w31957,https://doi.org/10.3386/w31957,Global health; “Health & well-being in low-income countries”,,Working paper/mimeo; not published in a peer-reviewed journal,2023-12-01T00:00:00.000-05:00,Health Policy/Health economics,
Copyright Policy Options for Generative Artificial Intelligence,When Product Markets Become Collective Traps: The Case of Social Media,https://www.nber.org/papers/w32106,https://doi.org/10.3386/w32106,Emerging technologies: social and economic impacts (focus: AI),,Working paper/mimeo; not published in a peer-reviewed journal,2024-02-05T00:00:00.000-05:00,,
How Learning About Harms Impacts the Optimal Rate of Artificial Intelligence Adoption,When Product Markets Become Collective Traps: The Case of Social Media,https://www.nber.org/papers/w32105?utm_campaign=ntwh&utm_medium=email&utm_source=ntwg2,https://doi.org/10.3386/w32105,"Catastrophic and existential risks,  the long-term future, forecasting","Other (Economics): Welfare, growth, policy, global markets & popn.",Working paper/mimeo; not published in a peer-reviewed journal,2024-02-05T00:00:00.000-05:00,,
Urban Forests: Environmental Health Values and Risks,02_final consideration needed,https://static1.squarespace.com/static/56034c20e4b047f1e0c1bfca/t/64cc6e2433011927e704dd75/1691119145031/XHXXZ_urbanforest_2023-8-3.pdf,doi.org/10.3386/w31554,"The Environment: Harm to human health, biodiversity, risks and climate change",,Working paper/mimeo; not published in a peer-reviewed journal,2023-08-01T00:00:00.000-04:00,Environment/Environment and Resource economics,
What drives poor quality of care for child diarrhea?,deprioritized - no open access version,,doi.org/10.1126/science.adj9986,Global health; “Health & well-being in low-income countries”,,"Published, ~top journal",2024-02-09T00:00:00.000-05:00,Global Health/ interventions,
AI-Augmented Predictions: LLM Assistants Improve Human Forecasting Accuracy,01_Needs prioritization/assessor rating,https://arxiv.org/abs/2402.07862,https://doi.org/10.48550/arXiv.2402.07862,Emerging technologies: social and economic impacts (focus: AI),,Working paper/mimeo; not published in a peer-reviewed journal,,,
Effective and Scalable Math Support: Evidence on the Impact of an AITutor on Math Achievement in Ghana,When Product Markets Become Collective Traps: The Case of Social Media,https://arxiv.org/ftp/arxiv/papers/2402/2402.09809.pdf,,Emerging technologies: social and economic impacts (focus: AI),,Published - CHECK,,,
Robots For Economic Development,02_final consideration needed,https://www.econstor.eu/handle/10419/249581,,Emerging technologies: social and economic impacts (focus: AI),"Other (Economics): Welfare, growth, policy, global markets & popn.",Working paper/mimeo; not published in a peer-reviewed journal,2022-02-01T00:00:00.000-05:00,"Labor Economics,economic growth",suggested - internally
Moral expansiveness around the world: The role of societal factors across 36 countries,01_Needs prioritization/assessor rating,https://psyarxiv.com/2x6nv/,,"Attitudes and behaviors (Altruism, moral circles, animal consumption, effectiveness, political attitudes, etc.) [Psychology/behavioral economics adjacent group]","Attitudes & behaviors (Altruism, moral circles,  effectiveness, political, etc.) [Psych/BE-adjacent ]",Published: Psychology journal,,,
Humans First: Why people value animals less than humans,deprioritized -- low ratings,http://files.luciuscaviola.com/Caviola-et-al_2022_Humans_first.pdf,,"Attitudes and behaviors (Altruism, moral circles, animal consumption, effectiveness, political attitudes, etc.) [Psychology/behavioral economics adjacent group]",Markets for products with large externalities (focus: animal agriculture),Published: Psychology journal,,,suggested - internally
National parochialism is ubiquitous across 42 nations around the world. Nature Communications. ,01_Needs prioritization/assessor rating,https://www.nature.com/articles/s41467-021-24787-1,,"Attitudes and behaviors (Altruism, moral circles, animal consumption, effectiveness, political attitudes, etc.) [Psychology/behavioral economics adjacent group]",,Published - CHECK,,,internal-from-syllabus-agenda-policy-database
"Empathy, Motivated Reasoning, and Redistribution",02_final consideration needed,https://web.stanford.edu/~tingyan/files/Empathy_JMP.pdf,,"Attitudes and behaviors (Altruism, moral circles, animal consumption, effectiveness, political attitudes, etc.) [Psychology/behavioral economics adjacent group]","Other (Economics): Welfare, growth, policy, global markets & popn.",Unpublished,,,submitted (by author(s))
"Catastrophic climate change, population ethics and intergenerational equity",02_final consideration needed,https://ethz.ch/content/dam/ethz/special-interest/mtec/cer-eth/resource-econ-dam/documents/research/sured/sured-2018/58-MEJEAN%20et%20al%20SURED.pdf,,"Other: Economics/welfare, growth, policy, global markets and population","The Environment: Harm to human health, biodiversity, risks & climate","Published, ? journal",,,internal-from-syllabus-agenda-policy-database
Consumer preferences for cage-free eggs and impacts of retailer pledges,02_final consideration needed,https://onlinelibrary.wiley.com/doi/epdf/10.1002/agr.21580,,Markets for products with large externalities (focus: animal agriculture),"Attitudes & behaviors (Altruism, moral circles,  effectiveness, political, etc.) [Psych/BE-adjacent ],Possible category: more ‘economics’ treatment of preferences for giving and ‘ethical/donation-linked’ choices; implications of these preferences; donor coordination etc.","Published, ? journal",,,suggested - internally
Who Stands on the Shoulders of Chinese (Scientific) Giants? Evidence from Chemistry,01_Needs prioritization/assessor rating,https://www.nber.org/papers/w30772,https://doi.org/10.3386/w30772,"Innovation, meta-science, and research",,Working paper/mimeo; not published in a peer-reviewed journal,2023-07-01T00:00:00.000-04:00,Metascience,
"Barriers to Education Technology Tools Faced by Educators in Pakistan, with a Focus on Mobile Internet Connectivity",deprioritized - no open access version,,,Economic development & governance (LMICs),,,,,submitted (by author(s))
Informing Mothers about the Benefits of Conversing with Infants: Experimental Evidence from Ghana,01_Needs prioritization/assessor rating,https://seemajayachandran.com/infant_directed_speech.pdf,,Global health; “Health & well-being in low-income countries”,,Published - CHECK,,,internal-NBER
Germs in the Family: The Long-Term Consequences of Intra-Household Endemic Respiratory Disease Spread,01_Needs prioritization/assessor rating,https://www.ipr.northwestern.edu/documents/working-papers/2021/wp-21-53.pdf,,"Health and well-being (global, including wealthy countries)","Communicable diseases, bio-security & pandemic preparedness, biological risks",Working paper/mimeo; not published in a peer-reviewed journal,,"Health, Education, and Welfare,Health Policy/Health economics,Infectious Disease Modelling,epidemiology",internal-NBER
Persistence: A critical review,01_Needs prioritization/assessor rating,https://docs.google.com/document/d/14ULAaTofWiQbTCP1ekuaenQJ6saXEzjgiKMznIBrXvQ/edit,,"Catastrophic and existential risks,  the long-term future, forecasting",Empirical methods,Unpublished,,meta-analysis,suggested - externally
Understanding the Impacts of a Natural Disaster: Evidence from the 2004 Indian Ocean Tsunami,01_Needs prioritization/assessor rating,https://www.nber.org/papers/w31132,,"Catastrophic and existential risks,  the long-term future, forecasting",Economic development & governance (LMICs),Working paper/mimeo; not published in a peer-reviewed journal,,,internal-NBER
Harms of AI,01_Needs prioritization/assessor rating,https://economics.mit.edu/sites/default/files/publications/Harms%20of%20AI.pdf,,Emerging technologies: social and economic impacts (focus: AI),"Other (Economics): Welfare, growth, policy, global markets & popn.",Working paper/mimeo; not published in a peer-reviewed journal,,"Development and Growth,Innovation and R&D,Economic Systems,Industrial Organization",internal-NBER
"Reducing Bias Among Health Care Providers: Experimental Evidence From Tanzania, Burkina Faso, and Pakistan",01_Needs prioritization/assessor rating,https://www.nber.org/papers/w31269,,Global health; “Health & well-being in low-income countries”,Economic development & governance (LMICs),,,,internal-NBER
What happens when the machines stop? [FLAG: internal author],deprioritized -- out of scope or other subjective judgment,https://doi.org/10.31235/osf.io/2vctm,,"Catastrophic and existential risks,  the long-term future, forecasting",,Working paper/mimeo; not published in a peer-reviewed journal,,,submitted (by author(s))
"The Missing Middle Managers: Labor Costs, Firm Structure, and Development",deprioritized -- low ratings,https://www.nber.org/papers/w30592,,Economic development & governance (LMICs),,Working paper/mimeo; not published in a peer-reviewed journal,,"Development and Growth,Policy",internal-NBER
The Impact of Group Size on Giving Versus Demand for Redistribution [renamed],01_Needs prioritization/assessor rating,https://www.nber.org/papers/w29375,,"Attitudes and behaviors (Altruism, moral circles, animal consumption, effectiveness, political attitudes, etc.) [Psychology/behavioral economics adjacent group]",Possible category: more ‘economics’ treatment of preferences for giving and ‘ethical/donation-linked’ choices; implications of these preferences; donor coordination etc.,Working paper/mimeo; not published in a peer-reviewed journal,,"Health, Education, and Welfare,Poverty and Wellbeing",internal-NBER
Uncertainty and Individual Discretion in Allocating Research Funds,02_final consideration needed,https://www.nber.org/papers/w32033,,"Innovation, meta-science, and research",,Working paper/mimeo; not published in a peer-reviewed journal,,,
Surplus Appropriation from R&D and Health Care Technology Assessment Procedures,01_Needs prioritization/assessor rating,https://www.nber.org/papers/w12016,,"Health and well-being (global, including wealthy countries)","Innovation, meta-science, & research",Working paper/mimeo; not published in a peer-reviewed journal,,"Health, Education, and Welfare,Health Policy/Health economics",internal-NBER
Randomization in the Tropics Revisited: a Theme and Eleven Variations,deprioritized -- low ratings,https://academic.oup.com/book/31966/chapter/267702059,,Global health; “Health & well-being in low-income countries”,Economic development & governance (LMICs),Working paper/mimeo; not published in a peer-reviewed journal,,"Econometrics,Experimental Design/Experimental economics,Development and Growth",internal-NBER
Global variation in subjective well-being predicts seven forms of altruism. ,01_Needs prioritization/assessor rating,https://www.researchgate.net/profile/Shawn-Rhoads/publication/351196245_Global_variation_in_subjective_well-being_predicts_seven_forms_of_altruism/links/609b49e2a6fdccaebd255046/Global-variation-in-subjective-well-being-predicts-seven-forms-of-altruism.pdf,,"Attitudes and behaviors (Altruism, moral circles, animal consumption, effectiveness, political attitudes, etc.) [Psychology/behavioral economics adjacent group]",,Published: Psychology journal,,,internal-from-syllabus-agenda-policy-database
The animal welfare cost of meat: evidence from a survey of hypothetical scenarios among Belgian consumers,10_seeking_(more)_evaluators,https://lirias.kuleuven.be/3946788?limo=0,,Markets for products with large externalities (focus: animal agriculture),"Attitudes & behaviors (Altruism, moral circles,  effectiveness, political, etc.) [Psych/BE-adjacent ]","published, decent journal ",,,
Structural Uncertainty and the Value of Statistical Life in the Economics of Catastrophic Climate Change,01_Needs prioritization/assessor rating,https://www.nber.org/papers/w13490,,"Catastrophic and existential risks,  the long-term future, forecasting","The Environment: Harm to human health, biodiversity, risks & climate",Working paper/mimeo; not published in a peer-reviewed journal,,Environment/Environment and Resource economics,internal-NBER
Forecasting Existential Risks: Evidence From a Long-Run Forecasting Tournament,"50_published evaluations (on PubPub, by Unjournal)",https://forecastingresearch.org/s/XPT.pdf,,"Catastrophic and existential risks,  the long-term future, forecasting",,Published - CHECK,,,suggested - internally
Generation Next: Experimentation with AI,01_Needs prioritization/assessor rating,https://www.nber.org/papers/w31679,https://doi.org/10.3386/w31679,Emerging technologies: social and economic impacts (focus: AI),,Working paper/mimeo; not published in a peer-reviewed journal,2023-09-01T00:00:00.000-04:00,,
Concentration and Resilience in the US Meat Supply Chains,01_Needs prioritization/assessor rating,https://www.nber.org/papers/w29103,,Markets for products with large externalities (focus: animal agriculture),"Other (Economics): Welfare, growth, policy, global markets & popn.",Working paper/mimeo; not published in a peer-reviewed journal,,"Industrial Organization,Market Structure and Firm Performance,Agriculture/ Ag econ,Covid-19,Environment/Environment and Resource economics",internal-NBER
Pharmaceutical Pricing and R&D as a Global Public Good,01_Needs prioritization/assessor rating,https://elsevier-ssrn-document-store-prod.s3.amazonaws.com/jpube/7d31a8d9-ef88-4d8c-9868-72d58d777f01-meca.pdf?response-content-disposition=inline&X-Amz-Security-Token=IQoJb3JpZ2luX2VjEJ7%2F%2F%2F%2F%2F%2F%2F%2F%2F%2FwEaCXVzLWVhc3QtMSJHMEUCIQDWju%2FjreY1to5hh1dx2j2RhIjHPVGvIBsmKg75YxPHWwIgZcRVdahyU%2FPZV%2FYwmapD6LXz0xdicDgvdeP4tc4a37IqxgUIpv%2F%2F%2F%2F%2F%2F%2F%2F%2F%2FARAEGgwzMDg0NzUzMDEyNTciDEkaZYjk4goUJKl1iSqaBUUVsaw7b%2FwPSFUn0EzPXs%2F4HFzX7zlKRkDcbI9ekeFryAcjmTyQGnSxm2v8T9Eo%2BKnFhlslRAPP4u0QVg3LZ4zF%2Bn1no0AS2nCk4zfFgbImIncPSpHlfpJUX%2BkjW9jlVrDn0ny5DCCO%2B5xZVmsd%2BNj94xF2Y5mARvZFXdypI76JUPszQRd1wfjTooF3el27TGxBPeiyZ87yoTv0oCPl8HiXb5BCTJczJaN2N7WcIgU4EQe48RtWS7sHHrrZpuFlYVM8WpHykV1K9XyNHMhN03DjeRJeCF6jPpCFH5chPJTkj%2B7%2FIN7eHqLWYOlhDTpe2Sg5It2%2FGZxXIFQ%2FrTZMkYViG50igUYUw2g4U4SxGErF1xmXTzdu4BdCeNMIqpMGK9i%2FMn2xJqnd1vfFWE4BDy0TZJuLWgQ%2Fhkd%2Bs6vRbpk46PMyJdRyn%2FQEGUnwAGKiW2MtsB2ax82zv2cHmXqkP1bh6FilsTVuDlIdZVbAdZyXfiJDVDCgYYAvh2A8S3eTsHgwpOjKFQf1AnZemAHZchyFFusm1YN1KpvmLMXiEOvwQmPHz%2BPNmxHMEdEhzCyXTCEQCkfu%2BQEgQNNeINoL4uQV3g4TelhufaK6H2jN9VODEKdp2FjYXT66dPalUfWAEX4A03OFmLZowwJvBQSkXkBoTKIvzjMPVTe2Y%2FFMUhXZ8fpnXlW6trfP9nZdYtm%2F33FnbhQwAdrml7%2Fm7WqsiAT9vsjMdxG3hI1D8RkF0%2BJncFMafiRI5ffwB6p9DqV6MiZqQXdsyHt9Hi2o77VLmq2FeNP3ijRAH%2FvoyviqarrKzY2K24N%2FzN2PbJSX6PaD8IuQhEYRLVbNDd7FN%2FQYHKeym7wMW2Vw9YsvK0SpEh3NWZErmut5lqpokjCqmKK2BjqxAftbjhSpXelbgk%2BWE1Enyqj5btXOi%2BEtQnoQWfSz5JqEvtkyRV37HKxw5ABoPHC4P7aQ4KYdq4leTnWELRcOyEl58T9S9%2BNbFCXfoEEzNaPV6mEDFJXfj4YNshUBw3FOc51hfKY1hbAT69CNkcJG5cG5f9SQ2PepLOCiU%2B1jGQSxz%2B5w8tid1yuhD%2BAFZFV2%2FX%2BR7XUPOqXSjeKY6dr3tUpcBFDhlsL7Zncdl10Q776A5Q%3D%3D&X-Amz-Algorithm=AWS4-HMAC-SHA256&X-Amz-Date=20240823T140817Z&X-Amz-SignedHeaders=host&X-Amz-Expires=300&X-Amz-Credential=ASIAUPUUPRWE5S3ZOO6C%2F20240823%2Fus-east-1%2Fs3%2Faws4_request&X-Amz-Signature=c9b4f638788c50fa0c448b04210cbc278e3d2509611954a6a1809f193bb4715b,,"Other: Economics/welfare, growth, policy, global markets and population","Health & well-being (global, incl. wealthy countries) ,International cooperation & conflict, government behavior,  authoritarianism",Working paper/mimeo; not published in a peer-reviewed journal,,,internal-NBER
Every little helps: exploring meat and animal product consumption in the Tesco 1.0 dataset,02_final consideration needed,https://cabiagbio.biomedcentral.com/articles/10.1186/s43170-023-00178-y,https://doi.org/10.1186/s43170-023-00178-y,Markets for products with large externalities (focus: animal agriculture),,Published - CHECK,,"animal welfare,consumer preferences,Agriculture/ Ag econ,Food Systems/Food Security",submitted (by author(s))
Population ethical intuitions. Cognition.,02_final consideration needed,https://psyarxiv.com/wdbr8/download?format=pdf,,"Attitudes and behaviors (Altruism, moral circles, animal consumption, effectiveness, political attitudes, etc.) [Psychology/behavioral economics adjacent group]",,Published: Psychology journal,,,internal-from-syllabus-agenda-policy-database
A Model of Online Misinformation,"de-prioritized bc. of journal-publication status, authors permission, etc.",https://www.nber.org/system/files/working_papers/w28884/w28884.pdf,,Beliefs and misinformation,,Working paper/mimeo; not published in a peer-reviewed journal,,,internal-NBER
Misinformation During a Pandemic,"de-prioritized bc. of journal-publication status, authors permission, etc.",https://www.nber.org/papers/w27417,,"Health and well-being (global, including wealthy countries)","Communicable diseases, bio-security & pandemic preparedness, biological risks,Catastrophic & existential risks, the long-term future, forecasting,Global health; “Health & well-being in low-income countries”,Beliefs and misinformation","Published, ~top journal",,"Microeconomics,Health, Education, and Welfare,Poverty and Wellbeing,Covid-19",internal-NBER
Egg producer attitudes and expectations regarding the transition to cage-free production: a mixed-methods approach,deprioritized -- low ratings,https://www.sciencedirect.com/science/article/pii/S0032579123005771,,Markets for products with large externalities (focus: animal agriculture),"Attitudes & behaviors (Altruism, moral circles,  effectiveness, political, etc.) [Psych/BE-adjacent ]","Published, ? journal",,animal welfare,suggested - internally
Randomized Regulation: The Impact of Minimum Quality Standards on Health Markets,01_Needs prioritization/assessor rating,https://documents.worldbank.org/en/publication/documents-reports/documentdetail/099512203282320098/idu0932a20f9092e104d0c0a67a02b09390486b1,,Global health; “Health & well-being in low-income countries”,Economic development & governance (LMICs),Working paper/mimeo; not published in a peer-reviewed journal,,,internal-NBER
Carbon Pricing with Regressive Co-benefits: Evidence from British Columbia’s Carbon Tax,deprioritized -- low ratings,https://lorenzosileci.com/assets/pdf/JMP.pdf,,"The Environment: Harm to human health, biodiversity, risks and climate change",,Working paper/mimeo; not published in a peer-reviewed journal,2023-11-01T00:00:00.000-04:00,Environment/Environment and Resource economics,
Stagnation and Scientific Incentives,10_seeking_(more)_evaluators,https://www.nber.org/system/files/working_papers/w26752/w26752.pdf,,"Innovation, meta-science, and research",,Working paper/mimeo; not published in a peer-reviewed journal,,"Health, Education, and Welfare,Development and Growth,Innovation and R&D,Health Policy/Health economics",internal-NBER
The Surrogate Index: Combining Short-Term Proxies to Estimate Long-Term Treatment Effects More Rapidly and Precisely.,02_final consideration needed,https://opportunityinsights.org/wp-content/uploads/2019/11/surrogate_paper.pdf,,"Catastrophic and existential risks,  the long-term future, forecasting","Empirical methods,Global health; “Health & well-being in low-income countries”",Published - CHECK,,Econometrics,internal-from-syllabus-agenda-policy-database
Does online fundraising increase charitable giving? A nationwide field experiment on Facebook,02_final consideration needed,https://bibliothek.wzb.eu/pdf/2024/ii20-302r2.pdf,,"Attitudes and behaviors (Altruism, moral circles, animal consumption, effectiveness, political attitudes, etc.) [Psychology/behavioral economics adjacent group]","Other (Economics): Welfare, growth, policy, global markets & popn.","published, decent journal ",,,suggested - internally
From mostly vegetarian to fully vegetarian: Meat avoidance and the expression of social identity,deprioritized -- low ratings,https://www.sciencedirect.com/science/article/pii/S0950329320302329,,"Attitudes and behaviors (Altruism, moral circles, animal consumption, effectiveness, political attitudes, etc.) [Psychology/behavioral economics adjacent group]",,Published - CHECK,,,suggested - externally - NGO
Does Combating Corruption Reduce Clientelism?,01_Needs prioritization/assessor rating,https://www.nber.org/papers/w31266,,"International cooperation and conflict, behavior of large governments; authoritarianism",Economic development & governance (LMICs),Working paper/mimeo; not published in a peer-reviewed journal,,,internal-NBER
The impact of weather shocks on exports,deprioritized -- low ratings,https://leannecass.com/uploads/LCassJMP.pdf,,"Other: Economics/welfare, growth, policy, global markets and population",,Working paper/mimeo; not published in a peer-reviewed journal,2023-11-01T00:00:00.000-04:00,Environment/Environment and Resource economics,
General equilibrium effects of cash transfers: experimental evidence from Kenya,"de-prioritized bc. of journal-publication status, authors permission, etc.",https://www.givedirectly.org/wp-content/uploads/2019/11/General-Equilibrium-Effects-of-Cash-Transfers.pdf,,Economic development & governance (LMICs),"Other (Economics): Welfare, growth, policy, global markets & popn.","Published, ~top journal",,,suggested - internally
Covid-19 Infection Externalities: Trading Off Lives vs. Livelihoods,01_Needs prioritization/assessor rating,https://www.nber.org/papers/w27009,,"Health and well-being (global, including wealthy countries)",,Working paper/mimeo; not published in a peer-reviewed journal,,"Covid-19,Health, Education, and Welfare,Taxation,Public Economics,Health Policy/Health economics",internal-NBER
"Predicting the moral consideration of artificial intelligences, Janet V.T. Pauketat, Jacy Reese Anthis",deprioritized -- low ratings,https://www.sentienceinstitute.org/downloads/predicting-the-moral-consideration-of-artificial-intelligences.pdf,,"Other: Theory and philosophy, artificial intelligence, natural science, etc.",,"Published, ? journal",,,suggested - internally
Replicability & Generalisability:  A Guide to CEA discounts,"50_published evaluations (on PubPub, by Unjournal)",https://docs.google.com/document/d/1eJBSmNG-iRJ-twoHaoztQUmB4pmEHut8_oT3xgtldnI/edit#heading=h.7om527x8q9t7,,"Other: Economics/welfare, growth, policy, global markets and population","Global health; “Health & well-being in low-income countries”,Economic development & governance (LMICs)",Working paper/mimeo; not published in a peer-reviewed journal,2023-06-21T00:00:00.000-04:00,Research methods,suggested - externally - NGO
ST Proxies for LT Forecasts – Tereick,Not a paper/project,,,Empirical methods,,Unpublished,,,NA
Water Treatment and Child Mortality: Evidence from Kenya,"de-prioritized bc. of journal-publication status, authors permission, etc.",https://bfi.uchicago.edu/wp-content/uploads/2021/10/BFI_WP_2021-118.pdf,,Global health; “Health & well-being in low-income countries”,,Working paper/mimeo; not published in a peer-reviewed journal,,"Health, Education, and Welfare,Development and Growth,Development/Development Economics,Health Policy/Health economics",internal-NBER
Globalization and Pandemics,deprioritized -- low ratings,https://www.nber.org/papers/w27840,,"Communicable diseases, bio-security and pandemic preparedness, biological risks","Catastrophic & existential risks, the long-term future, forecasting",Working paper/mimeo; not published in a peer-reviewed journal,,"International Economics,Globalization and International Relations/Global policy,Health, Education, and Welfare,Covid-19,Health Policy/Health economics",internal-NBER
"Is the Global Economy Deglobalizing? And if so, why? And what is next?",deprioritized -- low ratings,https://www.brookings.edu/articles/is-the-global-economy-deglobalizing-and-if-so-why-and-what-is-next/,,"Other: Economics/welfare, growth, policy, global markets and population",,Published - CHECK,,,internal-NBER
"Uncertainty and Risk-Taking in Science: Meaning, Measurement and Management in Peer Review of Research Proposals (Franzoni and Stephan)",deprioritized -- low ratings,https://www.nber.org/papers/w28562,,"Innovation, meta-science, and research",,Working paper/mimeo; not published in a peer-reviewed journal,,"Development and Growth,Public Economics,Health, Education, and Welfare,Innovation and R&D,Education",internal-NBER
The Basket-Based Choice Experiment: A Method for Food Demand Policy Analysis,01_Needs prioritization/assessor rating,https://www.sciencedirect.com/science/article/abs/pii/S0306919222000343?via%3Dihub,,Markets for products with large externalities (focus: animal agriculture),Empirical methods,Published - CHECK,,,suggested - externally - NGO
Where Have All the “Creative Talents” Gone?,01_Needs prioritization/assessor rating,https://bfi.uchicago.edu/wp-content/uploads/2023/03/BFI_WP_2023-32.pdf,https://doi.org/10.3386/w31085,"Innovation, meta-science, and research","Other (Economics): Welfare, growth, policy, global markets & popn.",Working paper/mimeo; not published in a peer-reviewed journal,2023-03-01T00:00:00.000-05:00,Firm Behavior,
"Money, Time, and Grant Design",02_final consideration needed,https://doi.org/10.48550/arXiv.2312.06479,10.1257/aer.20161574,"Innovation, meta-science, and research","Other (Economics): Welfare, growth, policy, global markets & popn.","Published, ~top journal",,,
Advance Market Commitments: Insights from Theory and Experience,"50_published evaluations (on PubPub, by Unjournal)",https://sites.dartmouth.edu/csnyder/files/2021/02/w26775.pdf,,Global health; “Health & well-being in low-income countries”,"Communicable diseases, bio-security & pandemic preparedness, biological risks","Published, uncertain peer review",2021-02-01T00:00:00.000-05:00,,internal-from-syllabus-agenda-policy-database
Banning wildlife trade can boost demand for unregulated threatened species,"50_published evaluations (on PubPub, by Unjournal)",https://osf.io/preprints/socarxiv/s6gwu/,,Markets for products with large externalities (focus: animal agriculture),"The Environment: Harm to human health, biodiversity, risks & climate",,2022-05-29T00:00:00.000-04:00,,submitted (by author(s))
Does the Squeaky Wheel Get More Grease? The Direct and Indirect Effects of Citizen Participation on Environmental Governance in China,"50_published evaluations (on PubPub, by Unjournal)",https://bfi.uchicago.edu/wp-content/uploads/2022/10/BFI_WP_2022-135.pdf,,"The Environment: Harm to human health, biodiversity, risks and climate change",Economic development & governance (LMICs),Working paper/mimeo; not published in a peer-reviewed journal,2024-08-14T00:00:00.000-04:00,"Other,Law and Economics,Economic Systems,Environment/Environment and Resource economics",suggested - externally
Biodiversity risk,"50_published evaluations (on PubPub, by Unjournal)",https://www.biodiversityrisk.org/,,"The Environment: Harm to human health, biodiversity, risks and climate change","Other (Economics): Welfare, growth, policy, global markets & popn.",Working paper/mimeo; not published in a peer-reviewed journal,,,internal-NBER
Universalism and Political Representation: Evidence from the Field,"de-prioritized bc. of journal-publication status, authors permission, etc.",https://www.nber.org/papers/w31265,,"Attitudes and behaviors (Altruism, moral circles, animal consumption, effectiveness, political attitudes, etc.) [Psychology/behavioral economics adjacent group]",,"published, decent journal ",,Political economy,
Be Cautious with the Precautionary Principle: Evidence from Fukushima Daiichi Nuclear Accident,02_final consideration needed,https://www.nber.org/papers/w26395,,"The Environment: Harm to human health, biodiversity, risks and climate change","Catastrophic & existential risks, the long-term future, forecasting","published, decent journal ",,"Health, Education, and Welfare,Environment/Environment and Resource economics,Health Policy/Health economics",internal-NBER
Building Resilient Health Systems: Experimental Evidence from Sierra Leone and The 2014 Ebola Outbreak,"de-prioritized bc. of journal-publication status, authors permission, etc.",https://web.archive.org/web/20201106080706id_/https://repec.bfi.uchicago.edu/RePEc/pdfs/BFI_WP_202028.pdf,,Global health; “Health & well-being in low-income countries”,,"Published, ~top journal",,,suggested - externally
Adjusting for Publication Bias Reveals Mixed Evidence for the Impact of Cash Transfers on Subjective Well-Being and Mental Health,deprioritized -- low ratings,https://psyarxiv.com/d9vcg/?utm_source=newsletter&utm_medium=email&utm_campaign=the_ea_behavioral_science_newsletter_4&utm_term=2022-03-09,,Global health; “Health & well-being in low-income countries”,Economic development & governance (LMICs),Working paper/mimeo; not published in a peer-reviewed journal,,,suggested - internally
Sacred Values? The Effect of Information on Attitudes toward Payments for Human Organs,"de-prioritized bc. of journal-publication status, authors permission, etc.",https://www.iza.org/publications/dp/10187/efficiency-morality-trade-offs-in-repugnant-transactions-a-choice-experiment,,"Attitudes and behaviors (Altruism, moral circles, animal consumption, effectiveness, political attitudes, etc.) [Psychology/behavioral economics adjacent group]",,"Published, ~top journal",,"Microeconomics,Econometrics,Experimental Design/Experimental economics,Market Structure and Firm Performance,Welfare and collective choice,Health, Education, and Welfare,Health Policy/Health economics",internal-NBER
Subjecting the ‘Average Joe’ to War Theatre Triggers Intimate Partner Violence,deprioritized -- low ratings,https://www.nber.org/papers/w31227,,Global health; “Health & well-being in low-income countries”,,Working paper/mimeo; not published in a peer-reviewed journal,,,internal-NBER
Towards best practices in AGI safety and governance,04_selected_choose_evaluation_manager,https://arxiv.org/abs/2305.07153,https://doi.org/10.48550/arXiv.2305.07153,Emerging technologies: social and economic impacts (focus: AI),"Catastrophic & existential risks, the long-term future, forecasting",Working paper/mimeo; not published in a peer-reviewed journal,2023-05-11T00:00:00.000-04:00,AI Alignment,
Global Supply Chains in the Pandemic,02_final consideration needed,https://www.nber.org/papers/w27224,,"Other: Economics/welfare, growth, policy, global markets and population","Catastrophic & existential risks, the long-term future, forecasting","published, decent journal ",,"Covid-19,International Economics",internal-NBER
"When will AI exceed human performance? Evidence from AI experts"" (FHI linked)",deprioritized -- low ratings,https://arxiv.org/abs/1705.08807,,Emerging technologies: social and economic impacts (focus: AI),"Other: Theory and philosophy, artificial intelligence, natural science, etc.","Published, ? journal",,,internal-from-syllabus-agenda-policy-database
Accelerating Vaccine Innovation for Emerging Infectious Diseases via Parallel Discovery,"50_published evaluations (on PubPub, by Unjournal)",https://www.nber.org/papers/w30126,,"Catastrophic and existential risks,  the long-term future, forecasting","Innovation, meta-science, & research",book chapter,2022-06-21T00:00:00.000-04:00,"Covid-19,Public Economics,National Fiscal Issues,Health, Education, and Welfare,Health Policy/Health economics",internal-NBER
2017 Report on Consciousness and Moral Patienthood,deprioritized -- low ratings,https://www.openphilanthropy.org/research/2017-report-on-consciousness-and-moral-patienthood/,,"Other: Theory and philosophy, artificial intelligence, natural science, etc.",,Published - CHECK,,,suggested - externally - NGO
Existential risk and growth,"50_published evaluations (on PubPub, by Unjournal)",comm,,"Catastrophic and existential risks,  the long-term future, forecasting","Other (Economics): Welfare, growth, policy, global markets & popn.",Working paper/mimeo; not published in a peer-reviewed journal,,,internal-from-syllabus-agenda-policy-database
The Impact of Corporate Social Responsibility on Animal Welfare Standards: Evidence from the Cage-free Egg Industry,authors rejected/blocked us,https://papers.ssrn.com/sol3/papers.cfm?abstract_id=4219976,,Markets for products with large externalities (focus: animal agriculture),,Published - CHECK,,animal welfare,suggested - internally
"The causal effect of environmental catastrophe on long-run economic growth: Evidence from 6,700 cyclones",deprioritized -- low ratings,https://gspp.berkeley.edu/research-and-impact/working-papers/the-causal-effect-of-environmental-catastrophe-on-long-run-economic-growth,,"The Environment: Harm to human health, biodiversity, risks and climate change","Other (Economics): Welfare, growth, policy, global markets & popn.,Innovation, meta-science, & research,Economic development & governance (LMICs)",Working paper/mimeo; not published in a peer-reviewed journal,,"Public Economics,Development and Growth,Development/Development Economics,Environment/Environment and Resource economics,Regional and Urban Economics,Policy",internal-NBER
Long term cost-effectiveness of resilient foods for global catastrophes compared to artificial general intelligence safety,"50_published evaluations (on PubPub, by Unjournal)",https://allfed.info/images/pdfs/Long_term_cost_effectiveness_of_resilien.pdf,,"Catastrophic and existential risks,  the long-term future, forecasting",Emerging technologies: social & economic impacts (focus: AI),"Published, ? journal",2022-04-21T00:00:00.000-04:00,,submitted (by author(s))
Intergenerational Child Mortality Impacts of Deworming: Experimental Evidence from Two Decades of the Kenya Life Panel Survey,"50_published evaluations (on PubPub, by Unjournal)",https://escholarship.org/uc/item/3d11905j,,Global health; “Health & well-being in low-income countries”,,Working paper/mimeo; not published in a peer-reviewed journal,,"Development and Growth,Global Health/ interventions",internal-NBER
Cognitive Behavioral Therapy among Ghana’s Rural Poor Is Effective Regardless of Baseline Mental Distress,"50_published evaluations (on PubPub, by Unjournal)",https://www.aeaweb.org/articles?id=10.1257/aeri.20210612,,Global health; “Health & well-being in low-income countries”,Economic development & governance (LMICs),,2022-12-01T00:00:00.000-05:00,"Public Economics,Health, Education, and Welfare,Poverty and Wellbeing,Labor Economics,Demography and Aging,Labor Supply and Demand,Development and Growth,Development/Development Economics",internal-NBER
"Consumer preferences for farm-raised meat, lab-grown meat, and plant-based meat alternatives: Does information or brand matter? (Food Policy)",deprioritized -- low ratings,https://edepot.wur.nl/530803,,Markets for products with large externalities (focus: animal agriculture),"Attitudes & behaviors (Altruism, moral circles,  effectiveness, political, etc.) [Psych/BE-adjacent ]","Published, ? journal",,,suggested - internally
Universal Basic Income: Short-Term Results from a Long-Term Experiment in Kenya,"50_published evaluations (on PubPub, by Unjournal)",https://conference.nber.org/conf_papers/f192616.pdf,,Economic development & governance (LMICs),"Other (Economics): Welfare, growth, policy, global markets & popn.",Working paper/mimeo; not published in a peer-reviewed journal,2023-09-15T00:00:00.000-04:00,cash grants,
Traditional Institutions in Modern Times: Dowries as Pensions When Sons Migrate,deprioritized -- low ratings,https://www.nber.org/papers/w31176,,Economic development & governance (LMICs),"Other (Economics): Welfare, growth, policy, global markets & popn.",Working paper/mimeo; not published in a peer-reviewed journal,,,internal-NBER
"Zero-Sum Thinking, the Evolution of Effort-Suppressing Beliefs, and Economic Development","50_published evaluations (on PubPub, by Unjournal)",https://www.nber.org/papers/w31663,,Economic development & governance (LMICs),"Innovation, meta-science, & research,Economic development & governance (LMICs)",Working paper/mimeo; not published in a peer-reviewed journal,2024-06-24T00:00:00.000-04:00,"Attitudes and behaviors (Altruism, moral circles, animal consumption, effectiveness, political attitudes, etc.)",
Vaccines at Velocity: Evaluating Potential Lives Saved by Earlier Vaccination in the COVID-19 Pandemic,deprioritized -- low ratings,https://www.medrxiv.org/content/10.1101/2023.06.16.23291442v2.full.pdf+html,,"Health and well-being (global, including wealthy countries)","Communicable diseases, bio-security & pandemic preparedness, biological risks,Catastrophic & existential risks, the long-term future, forecasting",Working paper/mimeo; not published in a peer-reviewed journal,,pandemic policy research,suggested - externally - NGO
The Returns to Science In the Presence of Technological Risks,20_awaiting_evaluations,https://www.dropbox.com/scl/fi/ft06c1kg1weqaeu6p0fbh/The-Returns-to-Science-In-the-Presence-of-Technological-Risks-v2.pdf?rlkey=3zl918t2p1fdtg92qo0b7aqap&dl=0,,"Innovation, meta-science, and research","Catastrophic & existential risks, the long-term future, forecasting",Working paper/mimeo; not published in a peer-reviewed journal,2023-12-21T00:00:00.000-05:00,,
Interventions to reduce meat consumption by appealing to animal welfare: Meta-analysis and evidence-based recommendations.,deprioritized -- low ratings,https://www.sciencedirect.com/science/article/pii/S0195666321001847?via%3Dihub,,Markets for products with large externalities (focus: animal agriculture),"Attitudes & behaviors (Altruism, moral circles,  effectiveness, political, etc.) [Psych/BE-adjacent ]","Published, ? journal",,,suggested - internally
Carbon pricing and bounded reasoning,03_awaiting authors' consent (where needed) or imminent update,https://drive.google.com/file/d/14BUYuKuNcuML4nWUjWmMDOUpIwwB9ycx/edit,,"The Environment: Harm to human health, biodiversity, risks and climate change","Other (Economics): Welfare, growth, policy, global markets & popn.",Working paper/mimeo; not published in a peer-reviewed journal,2023-11-01T00:00:00.000-04:00,Environment/Environment and Resource economics,
"Using RCTs to Estimate Long-Run Impacts in Development Economics’ Adrien Bougen, Yue Huang, Michael Kremer and Edward Miguel",deprioritized -- low ratings,https://repec.cepr.org/repec/cpr/ceprdp/DP13443.pdf,,Economic development & governance (LMICs),"Catastrophic & existential risks, the long-term future, forecasting",Working paper/mimeo; not published in a peer-reviewed journal,,,internal-from-syllabus-agenda-policy-database
Adaptability and the Pivot Penalty in Science,10_seeking_(more)_evaluators,https://www.dropbox.com/s/5itlmhdkz1ll7jp/MS_SI_combined.pdf?dl=0,https://doi.org/10.48550/arXiv.2107.06476,"Innovation, meta-science, and research",,Working paper/mimeo; not published in a peer-reviewed journal,,Metascience,
Improving Peer Review in Economics: Stocktaking and Proposals∗,02_final consideration needed,https://evalresearch.weebly.com/uploads/1/3/3/4/133478410/improving_peer_review_in_economics_-_charness_et_al..pdf,,"Innovation, meta-science, and research","Other (Economics): Welfare, growth, policy, global markets & popn.",Published - CHECK,,,suggested - externally
Privacy Regulation and Firm Performance,deprioritized -- low ratings,https://www.oxfordmartin.ox.ac.uk/downloads/Privacy-Regulation-and-Firm-Performance-Giorgio-WP-Upload-2022-1.pdf,,"Other: Economics/welfare, growth, policy, global markets and population",,Working paper/mimeo; not published in a peer-reviewed journal,2022-01-06T00:00:00.000-05:00,Market Structure and Firm Performance,
