,Research,Evaluator,Criteria,psuedonym_hash_eval_1,psuedonym_hash_eval_2,psuedonym_hash_eval_3,Column
0,Cognitive Behavioral Therapy among Ghana’s Rural Poor Is Effective Regardless of Baseline Mental Distress (previous title: Mental Health Therapy as a Core Strategy for Increasing Human Capital: Evidence from Ghana),Anon. Evaluator 2,merits_journal,,,,
1,Cognitive Behavioral Therapy among Ghana’s Rural Poor Is Effective Regardless of Baseline Mental Distress (previous title: Mental Health Therapy as a Core Strategy for Increasing Human Capital: Evidence from Ghana),Anon. Evaluator 2,overall,,,,
2,Accelerating Vaccine Innovation for Emerging Infectious Diseases via Parallel Discovery,Richard Bruns,overall,,,,
3,Accelerating Vaccine Innovation for Emerging Infectious Diseases via Parallel Discovery,Richard Bruns,merits_journal,,,,
4,Money (Not) to Burn: Payments for Ecosystem Services to Reduce Crop Residue Burning,Anon. evaluator 2,,,,,
5,Money (Not) to Burn: Payments for Ecosystem Services to Reduce Crop Residue Burning,Anon. evaluator 2,merits_journal,,,,
6,Money (Not) to Burn: Payments for Ecosystem Services to Reduce Crop Residue Burning,Karthik Tadepalli,merits_journal,,,,
7,Money (Not) to Burn: Payments for Ecosystem Services to Reduce Crop Residue Burning,Karthik Tadepalli,overall,,,,
8,Replicability & Generalisability:  A Guide to CEA discounts,Max Meier,overall,,,,
9,Replicability & Generalisability:  A Guide to CEA discounts,Anon. evaluator 1,overall,,,,
10,Universal Basic Income: Short-Term Results from a Long-Term Experiment in Kenya,Anon. evaluator 2,overall,,,,
11,Universal Basic Income: Short-Term Results from a Long-Term Experiment in Kenya,Anon. evaluator 2,merits_journal,,,,
12,Universal Basic Income: Short-Term Results from a Long-Term Experiment in Kenya,Anon. evaluator 1,merits_journal,,,,
13,Universal Basic Income: Short-Term Results from a Long-Term Experiment in Kenya,Anon. evaluator 1,overall,,,,
14,"The Long-Run Effects of Psychotherapy on Depression, Beliefs, and Economic Outcomes",Anon. evaluator 2,overall,,,,
15,"The Long-Run Effects of Psychotherapy on Depression, Beliefs, and Economic Outcomes",Anon. evaluator 2,merits_journal,,,,
16,"The Long-Run Effects of Psychotherapy on Depression, Beliefs, and Economic Outcomes",Anon. evaluator 1,merits_journal,,,,
17,"The Long-Run Effects of Psychotherapy on Depression, Beliefs, and Economic Outcomes",Anon. evaluator 1,overall,,,,
18,When do “Nudges” Increase Welfare?,Anon. evaluator 1,merits_journal,,,,
19,When do “Nudges” Increase Welfare?,Anon. evaluator 2,overall,fc20c1572c784c2458c89555e56c374f,37dd75a152b45976b1f2065497dd3bfd,,
20,When do “Nudges” Increase Welfare?,Anon. evaluator 1,merits_journal,,,,
21,Legalizing Entrepreneurship,Anon. evaluation 1,merits_journal,86ac04d43bba80214d2ff44a7f2e033c,,,
22,Legalizing Entrepreneurship,Anon. evaluation 2,merits_journal,86ac04d43bba80214d2ff44a7f2e033c,,,
23,Legalizing Entrepreneurship,Anon. evaluation 2,overall,86ac04d43bba80214d2ff44a7f2e033c,,,
24,The Benefits and Costs of Guest Worker Programs: Experimental Evidence From the India-UAE Migration Corridor,Anon. evaluator 2,merits_journal,,,,
25,The Benefits and Costs of Guest Worker Programs: Experimental Evidence From the India-UAE Migration Corridor,Anon. evaluator 2,overall,Asa Feara,c0bb36dc3e6f20b4bb2ce891c0276bfc,,
26,The Benefits and Costs of Guest Worker Programs: Experimental Evidence From the India-UAE Migration Corridor,Anon. evaluator 1,merits_journal,,,,
27,Effects of Emigration on Rural Labor Markets,Frank Gyimah Sackey,merits_journal,,,,
28,Effects of Emigration on Rural Labor Markets,Frank Gyimah Sackey,overall,,,,
29,The Benefits and Costs of Guest Worker Programs: Experimental Evidence From the India-UAE Migration Corridor,Anon. evaluator 1,overall,Asa Feara,c0bb36dc3e6f20b4bb2ce891c0276bfc,,
30,When do “Nudges” Increase Welfare?,Anon. evaluator 1,overall,fc20c1572c784c2458c89555e56c374f,37dd75a152b45976b1f2065497dd3bfd,,
31,Legalizing Entrepreneurship,Anon. evaluation 1,overall,86ac04d43bba80214d2ff44a7f2e033c,,,
32,Accelerating Vaccine Innovation for Emerging Infectious Diseases via Parallel Discovery,Tim Colbourn,overall,,,,
33,Accelerating Vaccine Innovation for Emerging Infectious Diseases via Parallel Discovery,Tim Colbourn,adv_knowledge,,,,
34,Accelerating Vaccine Innovation for Emerging Infectious Diseases via Parallel Discovery,Tim Colbourn,methods,,,,
35,Accelerating Vaccine Innovation for Emerging Infectious Diseases via Parallel Discovery,Tim Colbourn,logic_comms,,,,
36,Accelerating Vaccine Innovation for Emerging Infectious Diseases via Parallel Discovery,Tim Colbourn,open_sci,,,,
37,Accelerating Vaccine Innovation for Emerging Infectious Diseases via Parallel Discovery,Tim Colbourn,real_world,,,,
38,Accelerating Vaccine Innovation for Emerging Infectious Diseases via Parallel Discovery,Tim Colbourn,gp_relevance,,,,
39,Accelerating Vaccine Innovation for Emerging Infectious Diseases via Parallel Discovery,Tim Colbourn,merits_journal,,,,
40,Accelerating Vaccine Innovation for Emerging Infectious Diseases via Parallel Discovery,Tim Colbourn,journal_predict,,,,
41,Banning wildlife trade can boost demand for unregulated threatened species,Liew Jia Huan,adv_knowledge,,,,
42,Banning wildlife trade can boost demand for unregulated threatened species,Liew Jia Huan,methods,,,,
43,Banning wildlife trade can boost demand for unregulated threatened species,Liew Jia Huan,logic_comms,,,,
44,Banning wildlife trade can boost demand for unregulated threatened species,Liew Jia Huan,real_world,,,,
45,Banning wildlife trade can boost demand for unregulated threatened species,Liew Jia Huan,gp_relevance,,,,
46,Banning wildlife trade can boost demand for unregulated threatened species,Liew Jia Huan,journal_predict,,,,
47,Banning wildlife trade can boost demand for unregulated threatened species,Liew Jia Huan,open_sci,,,,
48,Banning wildlife trade can boost demand for unregulated threatened species,Liew Jia Huan,merits_journal,,,,
49,Banning wildlife trade can boost demand for unregulated threatened species,Liew Jia Huan,overall,,,,
50,The Governance Of Non-Profits And Their Social Impact: Evidence From A Randomized Program In Healthcare In DRC,Anonymous_2,adv_knowledge,,,,
51,The Governance Of Non-Profits And Their Social Impact: Evidence From A Randomized Program In Healthcare In DRC,Anonymous_2,methods,,,,
52,The Governance Of Non-Profits And Their Social Impact: Evidence From A Randomized Program In Healthcare In DRC,Anonymous_2,logic_comms,,,,
53,The Governance Of Non-Profits And Their Social Impact: Evidence From A Randomized Program In Healthcare In DRC,Anonymous_2,real_world,,,,
54,The Governance Of Non-Profits And Their Social Impact: Evidence From A Randomized Program In Healthcare In DRC,Anonymous_2,gp_relevance,,,,
55,The Governance Of Non-Profits And Their Social Impact: Evidence From A Randomized Program In Healthcare In DRC,Anonymous_2,journal_predict,,,,
56,The Governance Of Non-Profits And Their Social Impact: Evidence From A Randomized Program In Healthcare In DRC,Anonymous_2,open_sci,,,,
57,The Governance Of Non-Profits And Their Social Impact: Evidence From A Randomized Program In Healthcare In DRC,Anonymous_2,merits_journal,,,,
58,The Governance Of Non-Profits And Their Social Impact: Evidence From A Randomized Program In Healthcare In DRC,Anonymous_2,overall,,,,
59,Long term cost-effectiveness of resilient foods for global catastrophes compared to artificial general intelligence safety,Anca Hanea,adv_knowledge,,,,
60,Long term cost-effectiveness of resilient foods for global catastrophes compared to artificial general intelligence safety,Anca Hanea,methods,,,,
61,Long term cost-effectiveness of resilient foods for global catastrophes compared to artificial general intelligence safety,Anca Hanea,logic_comms,,,,
62,Long term cost-effectiveness of resilient foods for global catastrophes compared to artificial general intelligence safety,Anca Hanea,real_world,,,,
63,Long term cost-effectiveness of resilient foods for global catastrophes compared to artificial general intelligence safety,Anca Hanea,gp_relevance,,,,
64,Long term cost-effectiveness of resilient foods for global catastrophes compared to artificial general intelligence safety,Anca Hanea,journal_predict,,,,
65,Long term cost-effectiveness of resilient foods for global catastrophes compared to artificial general intelligence safety,Anca Hanea,open_sci,,,,
66,Long term cost-effectiveness of resilient foods for global catastrophes compared to artificial general intelligence safety,Anca Hanea,merits_journal,,,,
67,Long term cost-effectiveness of resilient foods for global catastrophes compared to artificial general intelligence safety,Anca Hanea,overall,,,,
68,Cognitive Behavioral Therapy among Ghana’s Rural Poor Is Effective Regardless of Baseline Mental Distress (previous title: Mental Health Therapy as a Core Strategy for Increasing Human Capital: Evidence from Ghana),Anon. Evaluator 1,adv_knowledge,,,,
69,Cognitive Behavioral Therapy among Ghana’s Rural Poor Is Effective Regardless of Baseline Mental Distress (previous title: Mental Health Therapy as a Core Strategy for Increasing Human Capital: Evidence from Ghana),Anon. Evaluator 1,methods,,,,
70,Cognitive Behavioral Therapy among Ghana’s Rural Poor Is Effective Regardless of Baseline Mental Distress (previous title: Mental Health Therapy as a Core Strategy for Increasing Human Capital: Evidence from Ghana),Anon. Evaluator 1,logic_comms,,,,
71,Cognitive Behavioral Therapy among Ghana’s Rural Poor Is Effective Regardless of Baseline Mental Distress (previous title: Mental Health Therapy as a Core Strategy for Increasing Human Capital: Evidence from Ghana),Anon. Evaluator 1,real_world,,,,
72,Cognitive Behavioral Therapy among Ghana’s Rural Poor Is Effective Regardless of Baseline Mental Distress (previous title: Mental Health Therapy as a Core Strategy for Increasing Human Capital: Evidence from Ghana),Anon. Evaluator 1,gp_relevance,,,,
73,Cognitive Behavioral Therapy among Ghana’s Rural Poor Is Effective Regardless of Baseline Mental Distress (previous title: Mental Health Therapy as a Core Strategy for Increasing Human Capital: Evidence from Ghana),Anon. Evaluator 1,journal_predict,,,,
74,Cognitive Behavioral Therapy among Ghana’s Rural Poor Is Effective Regardless of Baseline Mental Distress (previous title: Mental Health Therapy as a Core Strategy for Increasing Human Capital: Evidence from Ghana),Anon. Evaluator 1,open_sci,,,,
75,Cognitive Behavioral Therapy among Ghana’s Rural Poor Is Effective Regardless of Baseline Mental Distress (previous title: Mental Health Therapy as a Core Strategy for Increasing Human Capital: Evidence from Ghana),Anon. Evaluator 1,merits_journal,,,,
76,Cognitive Behavioral Therapy among Ghana’s Rural Poor Is Effective Regardless of Baseline Mental Distress (previous title: Mental Health Therapy as a Core Strategy for Increasing Human Capital: Evidence from Ghana),Anon. Evaluator 1,overall,,,,
77,Long term cost-effectiveness of resilient foods for global catastrophes compared to artificial general intelligence safety,Alex Bates,adv_knowledge,,,,
78,Long term cost-effectiveness of resilient foods for global catastrophes compared to artificial general intelligence safety,Alex Bates,methods,,,,
79,Long term cost-effectiveness of resilient foods for global catastrophes compared to artificial general intelligence safety,Alex Bates,logic_comms,,,,
80,Long term cost-effectiveness of resilient foods for global catastrophes compared to artificial general intelligence safety,Alex Bates,real_world,,,,
81,Long term cost-effectiveness of resilient foods for global catastrophes compared to artificial general intelligence safety,Alex Bates,gp_relevance,,,,
82,Long term cost-effectiveness of resilient foods for global catastrophes compared to artificial general intelligence safety,Alex Bates,journal_predict,,,,
83,Long term cost-effectiveness of resilient foods for global catastrophes compared to artificial general intelligence safety,Alex Bates,open_sci,,,,
84,Long term cost-effectiveness of resilient foods for global catastrophes compared to artificial general intelligence safety,Alex Bates,merits_journal,,,,
85,Long term cost-effectiveness of resilient foods for global catastrophes compared to artificial general intelligence safety,Alex Bates,overall,,,,
86,Does the Squeaky Wheel Get More Grease? The Direct and Indirect Effects of Citizen Participation on Environmental Governance in China,Robert Kubinec,adv_knowledge,,,,
87,Does the Squeaky Wheel Get More Grease? The Direct and Indirect Effects of Citizen Participation on Environmental Governance in China,Robert Kubinec,methods,,,,
88,Does the Squeaky Wheel Get More Grease? The Direct and Indirect Effects of Citizen Participation on Environmental Governance in China,Robert Kubinec,logic_comms,,,,
89,Does the Squeaky Wheel Get More Grease? The Direct and Indirect Effects of Citizen Participation on Environmental Governance in China,Robert Kubinec,real_world,,,,
90,Does the Squeaky Wheel Get More Grease? The Direct and Indirect Effects of Citizen Participation on Environmental Governance in China,Robert Kubinec,gp_relevance,,,,
91,Does the Squeaky Wheel Get More Grease? The Direct and Indirect Effects of Citizen Participation on Environmental Governance in China,Robert Kubinec,journal_predict,,,,
92,Does the Squeaky Wheel Get More Grease? The Direct and Indirect Effects of Citizen Participation on Environmental Governance in China,Robert Kubinec,open_sci,,,,
93,Does the Squeaky Wheel Get More Grease? The Direct and Indirect Effects of Citizen Participation on Environmental Governance in China,Robert Kubinec,merits_journal,,,,
94,Does the Squeaky Wheel Get More Grease? The Direct and Indirect Effects of Citizen Participation on Environmental Governance in China,Robert Kubinec,overall,,,,
95,"Kremer, M., Levin, J. and Snyder, C.M., 2020, May. Advance Market Commitments: Insights from Theory and Experience. In AEA Papers and Proceedings (Vol. 110, pp. 269-73).",David Manheim,adv_knowledge,,,,
96,"Kremer, M., Levin, J. and Snyder, C.M., 2020, May. Advance Market Commitments: Insights from Theory and Experience. In AEA Papers and Proceedings (Vol. 110, pp. 269-73).",David Manheim,methods,,,,
97,"Kremer, M., Levin, J. and Snyder, C.M., 2020, May. Advance Market Commitments: Insights from Theory and Experience. In AEA Papers and Proceedings (Vol. 110, pp. 269-73).",David Manheim,logic_comms,,,,
98,"Kremer, M., Levin, J. and Snyder, C.M., 2020, May. Advance Market Commitments: Insights from Theory and Experience. In AEA Papers and Proceedings (Vol. 110, pp. 269-73).",David Manheim,real_world,,,,
99,"Kremer, M., Levin, J. and Snyder, C.M., 2020, May. Advance Market Commitments: Insights from Theory and Experience. In AEA Papers and Proceedings (Vol. 110, pp. 269-73).",David Manheim,gp_relevance,,,,
100,"Kremer, M., Levin, J. and Snyder, C.M., 2020, May. Advance Market Commitments: Insights from Theory and Experience. In AEA Papers and Proceedings (Vol. 110, pp. 269-73).",David Manheim,journal_predict,,,,
101,"Kremer, M., Levin, J. and Snyder, C.M., 2020, May. Advance Market Commitments: Insights from Theory and Experience. In AEA Papers and Proceedings (Vol. 110, pp. 269-73).",David Manheim,open_sci,,,,
102,"Kremer, M., Levin, J. and Snyder, C.M., 2020, May. Advance Market Commitments: Insights from Theory and Experience. In AEA Papers and Proceedings (Vol. 110, pp. 269-73).",David Manheim,merits_journal,,,,
103,"Kremer, M., Levin, J. and Snyder, C.M., 2020, May. Advance Market Commitments: Insights from Theory and Experience. In AEA Papers and Proceedings (Vol. 110, pp. 269-73).",David Manheim,overall,,,,
104,Banning wildlife trade can boost demand for unregulated threatened species,Anonymous_8,adv_knowledge,,,,
105,Banning wildlife trade can boost demand for unregulated threatened species,Anonymous_8,methods,,,,
106,Banning wildlife trade can boost demand for unregulated threatened species,Anonymous_8,logic_comms,,,,
107,Banning wildlife trade can boost demand for unregulated threatened species,Anonymous_8,real_world,,,,
108,Banning wildlife trade can boost demand for unregulated threatened species,Anonymous_8,gp_relevance,,,,
109,Banning wildlife trade can boost demand for unregulated threatened species,Anonymous_8,journal_predict,,,,
110,Banning wildlife trade can boost demand for unregulated threatened species,Anonymous_8,open_sci,,,,
111,Banning wildlife trade can boost demand for unregulated threatened species,Anonymous_8,merits_journal,,,,
112,Banning wildlife trade can boost demand for unregulated threatened species,Anonymous_8,overall,,,,
113,"Kremer, M., Levin, J. and Snyder, C.M., 2020, May. Advance Market Commitments: Insights from Theory and Experience. In AEA Papers and Proceedings (Vol. 110, pp. 269-73).",Joel Tan,adv_knowledge,,,,
114,"Kremer, M., Levin, J. and Snyder, C.M., 2020, May. Advance Market Commitments: Insights from Theory and Experience. In AEA Papers and Proceedings (Vol. 110, pp. 269-73).",Joel Tan,methods,,,,
115,"Kremer, M., Levin, J. and Snyder, C.M., 2020, May. Advance Market Commitments: Insights from Theory and Experience. In AEA Papers and Proceedings (Vol. 110, pp. 269-73).",Joel Tan,logic_comms,,,,
116,"Kremer, M., Levin, J. and Snyder, C.M., 2020, May. Advance Market Commitments: Insights from Theory and Experience. In AEA Papers and Proceedings (Vol. 110, pp. 269-73).",Joel Tan,real_world,,,,
117,"Kremer, M., Levin, J. and Snyder, C.M., 2020, May. Advance Market Commitments: Insights from Theory and Experience. In AEA Papers and Proceedings (Vol. 110, pp. 269-73).",Joel Tan,gp_relevance,,,,
118,"Kremer, M., Levin, J. and Snyder, C.M., 2020, May. Advance Market Commitments: Insights from Theory and Experience. In AEA Papers and Proceedings (Vol. 110, pp. 269-73).",Joel Tan,journal_predict,,,,
119,"Kremer, M., Levin, J. and Snyder, C.M., 2020, May. Advance Market Commitments: Insights from Theory and Experience. In AEA Papers and Proceedings (Vol. 110, pp. 269-73).",Joel Tan,open_sci,,,,
120,"Kremer, M., Levin, J. and Snyder, C.M., 2020, May. Advance Market Commitments: Insights from Theory and Experience. In AEA Papers and Proceedings (Vol. 110, pp. 269-73).",Joel Tan,merits_journal,,,,
121,"Kremer, M., Levin, J. and Snyder, C.M., 2020, May. Advance Market Commitments: Insights from Theory and Experience. In AEA Papers and Proceedings (Vol. 110, pp. 269-73).",Joel Tan,overall,,,,
122,Does the Squeaky Wheel Get More Grease? The Direct and Indirect Effects of Citizen Participation on Environmental Governance in China,Anonymous_10,adv_knowledge,,,,
123,Does the Squeaky Wheel Get More Grease? The Direct and Indirect Effects of Citizen Participation on Environmental Governance in China,Anonymous_10,methods,,,,
124,Does the Squeaky Wheel Get More Grease? The Direct and Indirect Effects of Citizen Participation on Environmental Governance in China,Anonymous_10,logic_comms,,,,
125,Does the Squeaky Wheel Get More Grease? The Direct and Indirect Effects of Citizen Participation on Environmental Governance in China,Anonymous_10,real_world,,,,
126,Does the Squeaky Wheel Get More Grease? The Direct and Indirect Effects of Citizen Participation on Environmental Governance in China,Anonymous_10,gp_relevance,,,,
127,Does the Squeaky Wheel Get More Grease? The Direct and Indirect Effects of Citizen Participation on Environmental Governance in China,Anonymous_10,journal_predict,,,,
128,Does the Squeaky Wheel Get More Grease? The Direct and Indirect Effects of Citizen Participation on Environmental Governance in China,Anonymous_10,open_sci,,,,
129,Does the Squeaky Wheel Get More Grease? The Direct and Indirect Effects of Citizen Participation on Environmental Governance in China,Anonymous_10,merits_journal,,,,
130,Does the Squeaky Wheel Get More Grease? The Direct and Indirect Effects of Citizen Participation on Environmental Governance in China,Anonymous_10,overall,,,,
131,"The Environmental Effects of Economic Production: Evidence from Ecological Observations
(previous title: Economic Production and Biodiversity in the United States)",Elias Cisneros,adv_knowledge,,,,
132,"The Environmental Effects of Economic Production: Evidence from Ecological Observations
(previous title: Economic Production and Biodiversity in the United States)",Elias Cisneros,methods,,,,
133,"The Environmental Effects of Economic Production: Evidence from Ecological Observations
(previous title: Economic Production and Biodiversity in the United States)",Elias Cisneros,logic_comms,,,,
134,"The Environmental Effects of Economic Production: Evidence from Ecological Observations
(previous title: Economic Production and Biodiversity in the United States)",Elias Cisneros,real_world,,,,
135,"The Environmental Effects of Economic Production: Evidence from Ecological Observations
(previous title: Economic Production and Biodiversity in the United States)",Elias Cisneros,gp_relevance,,,,
136,"The Environmental Effects of Economic Production: Evidence from Ecological Observations
(previous title: Economic Production and Biodiversity in the United States)",Elias Cisneros,journal_predict,,,,
137,"The Environmental Effects of Economic Production: Evidence from Ecological Observations
(previous title: Economic Production and Biodiversity in the United States)",Elias Cisneros,open_sci,,,,
138,"The Environmental Effects of Economic Production: Evidence from Ecological Observations
(previous title: Economic Production and Biodiversity in the United States)",Elias Cisneros,merits_journal,,,,
139,"The Environmental Effects of Economic Production: Evidence from Ecological Observations
(previous title: Economic Production and Biodiversity in the United States)",Elias Cisneros,overall,,,,
140,"Kremer, M., Levin, J. and Snyder, C.M., 2020, May. Advance Market Commitments: Insights from Theory and Experience. In AEA Papers and Proceedings (Vol. 110, pp. 269-73).",Dan Tortorice,adv_knowledge,,,,
141,"Kremer, M., Levin, J. and Snyder, C.M., 2020, May. Advance Market Commitments: Insights from Theory and Experience. In AEA Papers and Proceedings (Vol. 110, pp. 269-73).",Dan Tortorice,methods,,,,
142,"Kremer, M., Levin, J. and Snyder, C.M., 2020, May. Advance Market Commitments: Insights from Theory and Experience. In AEA Papers and Proceedings (Vol. 110, pp. 269-73).",Dan Tortorice,logic_comms,,,,
143,"Kremer, M., Levin, J. and Snyder, C.M., 2020, May. Advance Market Commitments: Insights from Theory and Experience. In AEA Papers and Proceedings (Vol. 110, pp. 269-73).",Dan Tortorice,real_world,,,,
144,"Kremer, M., Levin, J. and Snyder, C.M., 2020, May. Advance Market Commitments: Insights from Theory and Experience. In AEA Papers and Proceedings (Vol. 110, pp. 269-73).",Dan Tortorice,gp_relevance,,,,
145,"Kremer, M., Levin, J. and Snyder, C.M., 2020, May. Advance Market Commitments: Insights from Theory and Experience. In AEA Papers and Proceedings (Vol. 110, pp. 269-73).",Dan Tortorice,journal_predict,,,,
146,"Kremer, M., Levin, J. and Snyder, C.M., 2020, May. Advance Market Commitments: Insights from Theory and Experience. In AEA Papers and Proceedings (Vol. 110, pp. 269-73).",Dan Tortorice,open_sci,,,,
147,"Kremer, M., Levin, J. and Snyder, C.M., 2020, May. Advance Market Commitments: Insights from Theory and Experience. In AEA Papers and Proceedings (Vol. 110, pp. 269-73).",Dan Tortorice,merits_journal,,,,
148,"Kremer, M., Levin, J. and Snyder, C.M., 2020, May. Advance Market Commitments: Insights from Theory and Experience. In AEA Papers and Proceedings (Vol. 110, pp. 269-73).",Dan Tortorice,overall,,,,
149,Artificial Intelligence and Economic Growth,Seth Benzell,adv_knowledge,,,,
150,Artificial Intelligence and Economic Growth,Seth Benzell,methods,,,,
151,Artificial Intelligence and Economic Growth,Seth Benzell,logic_comms,,,,
152,Artificial Intelligence and Economic Growth,Seth Benzell,real_world,,,,
153,Artificial Intelligence and Economic Growth,Seth Benzell,gp_relevance,,,,
154,Artificial Intelligence and Economic Growth,Seth Benzell,journal_predict,,,,
155,Artificial Intelligence and Economic Growth,Seth Benzell,open_sci,,,,
156,Artificial Intelligence and Economic Growth,Seth Benzell,merits_journal,,,,
157,Artificial Intelligence and Economic Growth,Seth Benzell,overall,,,,
158,When Celebrities Speak: A Nationwide Twitter Experiment Promoting Vaccination In Indonesia (previous title: Do Celebrity Endorsements Matter? A Twitter Experiment Promoting Vaccination In Indonesia),Anonymous_14,adv_knowledge,,,,
159,When Celebrities Speak: A Nationwide Twitter Experiment Promoting Vaccination In Indonesia (previous title: Do Celebrity Endorsements Matter? A Twitter Experiment Promoting Vaccination In Indonesia),Anonymous_14,methods,,,,
160,When Celebrities Speak: A Nationwide Twitter Experiment Promoting Vaccination In Indonesia (previous title: Do Celebrity Endorsements Matter? A Twitter Experiment Promoting Vaccination In Indonesia),Anonymous_14,logic_comms,,,,
161,When Celebrities Speak: A Nationwide Twitter Experiment Promoting Vaccination In Indonesia (previous title: Do Celebrity Endorsements Matter? A Twitter Experiment Promoting Vaccination In Indonesia),Anonymous_14,real_world,,,,
162,When Celebrities Speak: A Nationwide Twitter Experiment Promoting Vaccination In Indonesia (previous title: Do Celebrity Endorsements Matter? A Twitter Experiment Promoting Vaccination In Indonesia),Anonymous_14,gp_relevance,,,,
163,When Celebrities Speak: A Nationwide Twitter Experiment Promoting Vaccination In Indonesia (previous title: Do Celebrity Endorsements Matter? A Twitter Experiment Promoting Vaccination In Indonesia),Anonymous_14,journal_predict,,,,
164,When Celebrities Speak: A Nationwide Twitter Experiment Promoting Vaccination In Indonesia (previous title: Do Celebrity Endorsements Matter? A Twitter Experiment Promoting Vaccination In Indonesia),Anonymous_14,open_sci,,,,
165,When Celebrities Speak: A Nationwide Twitter Experiment Promoting Vaccination In Indonesia (previous title: Do Celebrity Endorsements Matter? A Twitter Experiment Promoting Vaccination In Indonesia),Anonymous_14,merits_journal,,,,
166,When Celebrities Speak: A Nationwide Twitter Experiment Promoting Vaccination In Indonesia (previous title: Do Celebrity Endorsements Matter? A Twitter Experiment Promoting Vaccination In Indonesia),Anonymous_14,overall,,,,
167,Long-term cost-effectiveness of interventions for loss of electricity/industry compared to artificial general intelligence safety,Scott Janzwood,adv_knowledge,,,,
168,Long-term cost-effectiveness of interventions for loss of electricity/industry compared to artificial general intelligence safety,Scott Janzwood,methods,,,,
169,Long-term cost-effectiveness of interventions for loss of electricity/industry compared to artificial general intelligence safety,Scott Janzwood,logic_comms,,,,
170,Long-term cost-effectiveness of interventions for loss of electricity/industry compared to artificial general intelligence safety,Scott Janzwood,real_world,,,,
171,Long-term cost-effectiveness of interventions for loss of electricity/industry compared to artificial general intelligence safety,Scott Janzwood,gp_relevance,,,,
172,Long-term cost-effectiveness of interventions for loss of electricity/industry compared to artificial general intelligence safety,Scott Janzwood,journal_predict,,,,
173,Long-term cost-effectiveness of interventions for loss of electricity/industry compared to artificial general intelligence safety,Scott Janzwood,open_sci,,,,
174,Long-term cost-effectiveness of interventions for loss of electricity/industry compared to artificial general intelligence safety,Scott Janzwood,merits_journal,,,,
175,Long-term cost-effectiveness of interventions for loss of electricity/industry compared to artificial general intelligence safety,Scott Janzwood,overall,,,,
176,Artificial Intelligence and Economic Growth,Phil Trammel,adv_knowledge,,,,
177,Artificial Intelligence and Economic Growth,Phil Trammel,methods,,,,
178,Artificial Intelligence and Economic Growth,Phil Trammel,logic_comms,,,,
179,Artificial Intelligence and Economic Growth,Phil Trammel,real_world,,,,
180,Artificial Intelligence and Economic Growth,Phil Trammel,gp_relevance,,,,
181,Artificial Intelligence and Economic Growth,Phil Trammel,journal_predict,,,,
182,Artificial Intelligence and Economic Growth,Phil Trammel,open_sci,,,,
183,Artificial Intelligence and Economic Growth,Phil Trammel,merits_journal,,,,
184,Artificial Intelligence and Economic Growth,Phil Trammel,overall,,,,
185,Cognitive Behavioral Therapy among Ghana’s Rural Poor Is Effective Regardless of Baseline Mental Distress (previous title: Mental Health Therapy as a Core Strategy for Increasing Human Capital: Evidence from Ghana),Anon. Evaluator 2,adv_knowledge,,,,
186,Cognitive Behavioral Therapy among Ghana’s Rural Poor Is Effective Regardless of Baseline Mental Distress (previous title: Mental Health Therapy as a Core Strategy for Increasing Human Capital: Evidence from Ghana),Anon. Evaluator 2,methods,,,,
187,Cognitive Behavioral Therapy among Ghana’s Rural Poor Is Effective Regardless of Baseline Mental Distress (previous title: Mental Health Therapy as a Core Strategy for Increasing Human Capital: Evidence from Ghana),Anon. Evaluator 2,logic_comms,,,,
188,Cognitive Behavioral Therapy among Ghana’s Rural Poor Is Effective Regardless of Baseline Mental Distress (previous title: Mental Health Therapy as a Core Strategy for Increasing Human Capital: Evidence from Ghana),Anon. Evaluator 2,real_world,,,,
189,Cognitive Behavioral Therapy among Ghana’s Rural Poor Is Effective Regardless of Baseline Mental Distress (previous title: Mental Health Therapy as a Core Strategy for Increasing Human Capital: Evidence from Ghana),Anon. Evaluator 2,gp_relevance,,,,
190,Cognitive Behavioral Therapy among Ghana’s Rural Poor Is Effective Regardless of Baseline Mental Distress (previous title: Mental Health Therapy as a Core Strategy for Increasing Human Capital: Evidence from Ghana),Anon. Evaluator 2,journal_predict,,,,
191,Cognitive Behavioral Therapy among Ghana’s Rural Poor Is Effective Regardless of Baseline Mental Distress (previous title: Mental Health Therapy as a Core Strategy for Increasing Human Capital: Evidence from Ghana),Anon. Evaluator 2,open_sci,,,,
192,When Celebrities Speak: A Nationwide Twitter Experiment Promoting Vaccination In Indonesia (previous title: Do Celebrity Endorsements Matter? A Twitter Experiment Promoting Vaccination In Indonesia),Anirugh Tagat,adv_knowledge,,,,
193,When Celebrities Speak: A Nationwide Twitter Experiment Promoting Vaccination In Indonesia (previous title: Do Celebrity Endorsements Matter? A Twitter Experiment Promoting Vaccination In Indonesia),Anirugh Tagat,methods,,,,
194,When Celebrities Speak: A Nationwide Twitter Experiment Promoting Vaccination In Indonesia (previous title: Do Celebrity Endorsements Matter? A Twitter Experiment Promoting Vaccination In Indonesia),Anirugh Tagat,logic_comms,,,,
195,When Celebrities Speak: A Nationwide Twitter Experiment Promoting Vaccination In Indonesia (previous title: Do Celebrity Endorsements Matter? A Twitter Experiment Promoting Vaccination In Indonesia),Anirugh Tagat,real_world,,,,
196,When Celebrities Speak: A Nationwide Twitter Experiment Promoting Vaccination In Indonesia (previous title: Do Celebrity Endorsements Matter? A Twitter Experiment Promoting Vaccination In Indonesia),Anirugh Tagat,gp_relevance,,,,
197,When Celebrities Speak: A Nationwide Twitter Experiment Promoting Vaccination In Indonesia (previous title: Do Celebrity Endorsements Matter? A Twitter Experiment Promoting Vaccination In Indonesia),Anirugh Tagat,journal_predict,,,,
198,When Celebrities Speak: A Nationwide Twitter Experiment Promoting Vaccination In Indonesia (previous title: Do Celebrity Endorsements Matter? A Twitter Experiment Promoting Vaccination In Indonesia),Anirugh Tagat,open_sci,,,,
199,When Celebrities Speak: A Nationwide Twitter Experiment Promoting Vaccination In Indonesia (previous title: Do Celebrity Endorsements Matter? A Twitter Experiment Promoting Vaccination In Indonesia),Anirugh Tagat,merits_journal,,,,
200,When Celebrities Speak: A Nationwide Twitter Experiment Promoting Vaccination In Indonesia (previous title: Do Celebrity Endorsements Matter? A Twitter Experiment Promoting Vaccination In Indonesia),Anirugh Tagat,overall,,,,
201,"The Environmental Effects of Economic Production: Evidence from Ecological Observations
(previous title: Economic Production and Biodiversity in the United States)",Anonymous_19,adv_knowledge,,,,
202,"The Environmental Effects of Economic Production: Evidence from Ecological Observations
(previous title: Economic Production and Biodiversity in the United States)",Anonymous_19,methods,,,,
203,"The Environmental Effects of Economic Production: Evidence from Ecological Observations
(previous title: Economic Production and Biodiversity in the United States)",Anonymous_19,logic_comms,,,,
204,"The Environmental Effects of Economic Production: Evidence from Ecological Observations
(previous title: Economic Production and Biodiversity in the United States)",Anonymous_19,real_world,,,,
205,"The Environmental Effects of Economic Production: Evidence from Ecological Observations
(previous title: Economic Production and Biodiversity in the United States)",Anonymous_19,gp_relevance,,,,
206,"The Environmental Effects of Economic Production: Evidence from Ecological Observations
(previous title: Economic Production and Biodiversity in the United States)",Anonymous_19,journal_predict,,,,
207,"The Environmental Effects of Economic Production: Evidence from Ecological Observations
(previous title: Economic Production and Biodiversity in the United States)",Anonymous_19,open_sci,,,,
208,"The Environmental Effects of Economic Production: Evidence from Ecological Observations
(previous title: Economic Production and Biodiversity in the United States)",Anonymous_19,merits_journal,,,,
209,"The Environmental Effects of Economic Production: Evidence from Ecological Observations
(previous title: Economic Production and Biodiversity in the United States)",Anonymous_19,overall,,,,
210,The Comparative Impact of Cash Transfers and a Psychotherapy Program on Psychological and Economic Well-being,Hannah Metzler,adv_knowledge,,,,
211,The Comparative Impact of Cash Transfers and a Psychotherapy Program on Psychological and Economic Well-being,Hannah Metzler,methods,,,,
212,The Comparative Impact of Cash Transfers and a Psychotherapy Program on Psychological and Economic Well-being,Hannah Metzler,logic_comms,,,,
213,The Comparative Impact of Cash Transfers and a Psychotherapy Program on Psychological and Economic Well-being,Hannah Metzler,real_world,,,,
214,The Comparative Impact of Cash Transfers and a Psychotherapy Program on Psychological and Economic Well-being,Hannah Metzler,gp_relevance,,,,
215,The Comparative Impact of Cash Transfers and a Psychotherapy Program on Psychological and Economic Well-being,Hannah Metzler,journal_predict,,,,
216,The Comparative Impact of Cash Transfers and a Psychotherapy Program on Psychological and Economic Well-being,Hannah Metzler,open_sci,,,,
217,The Comparative Impact of Cash Transfers and a Psychotherapy Program on Psychological and Economic Well-being,Hannah Metzler,merits_journal,,,,
218,The Comparative Impact of Cash Transfers and a Psychotherapy Program on Psychological and Economic Well-being,Hannah Metzler,overall,,,,
219,The Comparative Impact of Cash Transfers and a Psychotherapy Program on Psychological and Economic Well-being,Anonymous_21,adv_knowledge,,,,
220,The Comparative Impact of Cash Transfers and a Psychotherapy Program on Psychological and Economic Well-being,Anonymous_21,methods,,,,
221,The Comparative Impact of Cash Transfers and a Psychotherapy Program on Psychological and Economic Well-being,Anonymous_21,logic_comms,,,,
222,The Comparative Impact of Cash Transfers and a Psychotherapy Program on Psychological and Economic Well-being,Anonymous_21,real_world,,,,
223,The Comparative Impact of Cash Transfers and a Psychotherapy Program on Psychological and Economic Well-being,Anonymous_21,gp_relevance,,,,
224,The Comparative Impact of Cash Transfers and a Psychotherapy Program on Psychological and Economic Well-being,Anonymous_21,journal_predict,,,,
225,The Comparative Impact of Cash Transfers and a Psychotherapy Program on Psychological and Economic Well-being,Anonymous_21,open_sci,,,,
226,The Comparative Impact of Cash Transfers and a Psychotherapy Program on Psychological and Economic Well-being,Anonymous_21,merits_journal,,,,
227,The Comparative Impact of Cash Transfers and a Psychotherapy Program on Psychological and Economic Well-being,Anonymous_21,overall,,,,
